-0.5,-0.5, -0.5, 0.5, 0,0,0, 0.5, 0.5, 0.5, 0.5, 0.5, 0.5
-0.5,-0.5, -0.5, 0.5, 0,0,0, 0.5, 0.5, 0.5, 0.5, 0.5, 0.5
-0.501177,-0.499259, -0.498837, 0.500723, -0.0138086,-0.00303653,-0.000254709, 0.495928, 0.499775, 0.498851, 0.49693, 0.499851, 0.499181
-0.50121,-0.499688, -0.49849, 0.500609, -0.0177871,-0.00374414,-0.000915892, 0.494931, 0.49902, 0.496656, 0.491916, 0.499656, 0.497719
-0.500084,-0.501573, -0.497464, 0.50087, -0.0245392,-0.0028544,-0.00208405, 0.484898, 0.498251, 0.493448, 0.477104, 0.499456, 0.495604
-0.500061,-0.501588, -0.497316, 0.501023, -0.0254697,-0.00303928,-0.00176919, 0.484612, 0.498232, 0.493428, 0.476802, 0.499448, 0.495524
-0.497692,-0.505603, -0.49538, 0.501266, -0.0397308,0.000556018,-0.00295514, 0.473206, 0.496285, 0.488852, 0.460265, 0.498611, 0.492595
-0.492449,-0.51489, -0.490765, 0.50153, -0.048168,0.00697658,-0.0033208, 0.465666, 0.493627, 0.484565, 0.457364, 0.497912, 0.490839
-0.490612,-0.518459, -0.488937, 0.501439, -0.0445578,0.00893305,-0.0036898, 0.43118, 0.489892, 0.480479, 0.453323, 0.497351, 0.490094
-0.490515,-0.518439, -0.488923, 0.501568, -0.0440618,0.0088309,-0.00342119, 0.431088, 0.489826, 0.480465, 0.45286, 0.497327, 0.489862
-0.488539,-0.520541, -0.488163, 0.50206, -0.0452784,0.00927602,-0.00385736, 0.413842, 0.484293, 0.475444, 0.452432, 0.496681, 0.488878
-0.485499,-0.526703, -0.485605, 0.501061, -0.0464141,0.0118614,-0.00414276, 0.399362, 0.477049, 0.470068, 0.451944, 0.496067, 0.487983
-0.484651,-0.530518, -0.483417, 0.499973, -0.0446123,0.0123705,-0.00491839, 0.377877, 0.468563, 0.466459, 0.450137, 0.495947, 0.487553
-0.484703,-0.530123, -0.483611, 0.500153, -0.0452499,0.0119014,-0.00375182, 0.377413, 0.468176, 0.46643, 0.449542, 0.49589, 0.487147
-0.485882,-0.53364, -0.479919, 0.498823, -0.0417096,0.00937228,-0.00505106, 0.354372, 0.457609, 0.464367, 0.447153, 0.495331, 0.485935
-0.489,-0.535778, -0.475143, 0.498056, -0.0334196,0.00255359,-0.00574005, 0.32745, 0.443851, 0.461263, 0.440002, 0.49199, 0.483071
-0.493429,-0.534869, -0.471825, 0.497819, -0.0241268,-0.0067305,-0.00344807, 0.303366, 0.427535, 0.45424, 0.428068, 0.484289, 0.478379
-0.493262,-0.533227, -0.473303, 0.498342, -0.0250631,-0.00764969,-0.00131097, 0.300743, 0.426107, 0.45419, 0.427476, 0.484182, 0.478003
-0.496853,-0.531434, -0.470924, 0.498945, -0.0156762,-0.0166202,0.00213004, 0.278247, 0.408448, 0.443359, 0.412286, 0.473755, 0.472371
-0.498596,-0.531024, -0.470005, 0.498509, -0.0123197,-0.0191756,0.00472347, 0.259335, 0.39273, 0.436412, 0.395392, 0.467574, 0.468719
-0.50018,-0.530518, -0.469854, 0.497602, -0.00921671,-0.0205635,0.00709865, 0.243088, 0.378482, 0.432003, 0.378189, 0.464852, 0.465653
-0.499844,-0.527883, -0.472339, 0.498389, -0.0104443,-0.0214431,0.00792381, 0.238619, 0.374728, 0.431816, 0.37775, 0.464556, 0.465493
-0.500707,-0.527919, -0.472444, 0.497384, -0.011037,-0.020809,0.00923841, 0.224857, 0.360053, 0.426427, 0.363017, 0.46321, 0.462289
-0.501681,-0.528151, -0.471565, 0.496991, -0.0108197,-0.0204347,0.0105518, 0.213491, 0.346127, 0.421448, 0.347923, 0.462977, 0.458423
-0.502402,-0.528141, -0.47045, 0.497329, -0.0146846,-0.0200664,0.0114309, 0.204867, 0.333464, 0.415967, 0.333486, 0.462872, 0.453945
-0.487257,-0.497034, -0.479729, 0.534227, -0.00217508,-0.0127764,0.0208267, 0.188494, 0.105948, 0.135062, 0.274646, 0.44854, 0.442429
-0.487269,-0.497286, -0.479286, 0.53438, -0.00544431,-0.0118414,0.0243464, 0.17962, 0.105671, 0.131655, 0.270467, 0.448234, 0.436381
-0.487255,-0.49755, -0.47875, 0.534626, -0.00962242,-0.0112666,0.0275113, 0.175137, 0.105447, 0.129648, 0.267292, 0.448151, 0.431165
-0.487291,-0.497775, -0.478251, 0.53483, -0.0145511,-0.0114553,0.03022, 0.173334, 0.105253, 0.128566, 0.265189, 0.448134, 0.426932
-0.490654,-0.499801, -0.47852, 0.5296, -0.0192272,-0.0172691,0.0355335, 0.165099, 0.100299, 0.120573, 0.26143, 0.441001, 0.387378
-0.490728,-0.499941, -0.478156, 0.529727, -0.0229596,-0.0175306,0.0370375, 0.164134, 0.100165, 0.120095, 0.260382, 0.440907, 0.385574
-0.490995,-0.499903, -0.478083, 0.529583, -0.0252562,-0.0191257,0.0389213, 0.161862, 0.100023, 0.1197, 0.259751, 0.440627, 0.384413
-0.491435,-0.499722, -0.478288, 0.529159, -0.0254824,-0.022542,0.0405591, 0.157017, 0.0998732, 0.119094, 0.258934, 0.439959, 0.383786
-0.490062,-0.500422, -0.482281, 0.526139, -0.0263716,-0.0299399,0.0381095, 0.150686, 0.098212, 0.115795, 0.258166, 0.43773, 0.380074
-0.490619,-0.50019, -0.482614, 0.525535, -0.0233129,-0.0344885,0.0394498, 0.144805, 0.0980675, 0.115223, 0.256283, 0.436656, 0.379838
-0.491258,-0.499796, -0.483178, 0.524794, -0.0188693,-0.040503,0.0403389, 0.137065, 0.0979156, 0.114392, 0.253071, 0.434324, 0.379673
-0.491922,-0.499258, -0.483955, 0.523968, -0.0149026,-0.0462032,0.0403609, 0.129235, 0.097765, 0.113514, 0.249044, 0.430609, 0.379368
-0.492836,-0.498885, -0.484245, 0.523195, -0.0152172,-0.0504857,0.035461, 0.12676, 0.0968465, 0.111476, 0.247855, 0.428118, 0.377042
-0.49362,-0.498142, -0.485323, 0.522165, -0.0102668,-0.0566204,0.0355705, 0.12042, 0.0966991, 0.110892, 0.242961, 0.42386, 0.376483
-0.494366,-0.497257, -0.486734, 0.520988, -0.00613659,-0.0604447,0.0343319, 0.114551, 0.0965769, 0.110226, 0.237037, 0.419641, 0.375137
-0.494906,-0.496471, -0.488108, 0.519938, -0.0050236,-0.0607336,0.0300194, 0.109622, 0.0964801, 0.109596, 0.230546, 0.416226, 0.373013
-0.49494,-0.496388, -0.488651, 0.519474, -0.00476281,-0.0680421,0.0220122, 0.108783, 0.0958501, 0.108323, 0.229921, 0.413903, 0.368762
-0.495353,-0.495624, -0.489978, 0.51856, -0.00621023,-0.0650465,0.0166957, 0.105635, 0.0957352, 0.108012, 0.224555, 0.410823, 0.366239
-0.495663,-0.494898, -0.491281, 0.517723, -0.0078724,-0.0623208,0.0100154, 0.10346, 0.0956201, 0.107755, 0.220045, 0.407887, 0.363611
-0.49591,-0.494148, -0.492598, 0.516951, -0.00973757,-0.0605399,0.00219919, 0.101933, 0.0954915, 0.107561, 0.216121, 0.405361, 0.361203
-0.495816,-0.493487, -0.491534, 0.518683, -0.0111235,-0.0621448,0.00614968, 0.101471, 0.0949152, 0.106751, 0.215946, 0.402194, 0.355714
-0.495974,-0.49273, -0.492682, 0.518161, -0.012989,-0.0615342,-0.00138668, 0.100505, 0.0947199, 0.106613, 0.212717, 0.400395, 0.353719
-0.496183,-0.49229, -0.493155, 0.517931, -0.0119361,-0.0633784,-0.0070475, 0.0997503, 0.0944597, 0.106517, 0.209406, 0.398352, 0.351082
-0.496663,-0.492028, -0.493441, 0.517445, -0.00774244,-0.0629879,-0.0162191, 0.0987857, 0.0940871, 0.106463, 0.203599, 0.391846, 0.344328
-0.497543,-0.492112, -0.492671, 0.517254, -0.0083188,-0.0627686,-0.0160313, 0.0982036, 0.0936206, 0.10565, 0.203033, 0.388464, 0.340991
-0.498176,-0.491808, -0.492996, 0.516623, -0.00528861,-0.0641184,-0.0285309, 0.0972216, 0.0931728, 0.105559, 0.19547, 0.375945, 0.331281
-0.498608,-0.491762, -0.493119, 0.516134, -0.0011176,-0.0621142,-0.0385977, 0.0965498, 0.0927758, 0.105463, 0.189212, 0.362212, 0.322496
-0.498814,-0.491813, -0.49319, 0.515818, 0.00251452,-0.0596531,-0.0451205, 0.0960063, 0.0925095, 0.105378, 0.184491, 0.350823, 0.316539
-0.4981,-0.491426, -0.492839, 0.51721, 0.00722214,-0.0488945,-0.0369359, 0.0954974, 0.0921268, 0.105087, 0.182937, 0.346049, 0.315188
-0.498215,-0.49139, -0.492954, 0.517024, 0.00868546,-0.0491662,-0.0404735, 0.0949506, 0.0919742, 0.105002, 0.179775, 0.338994, 0.31249
-0.49826,-0.491304, -0.493113, 0.51691, 0.00890665,-0.0515847,-0.0431058, 0.0942953, 0.091881, 0.104915, 0.177816, 0.334964, 0.311388
-0.498287,-0.491173, -0.493334, 0.516798, 0.00830916,-0.0550503,-0.0453091, 0.0933952, 0.0918098, 0.104816, 0.176554, 0.332884, 0.310852
-0.497943,-0.49137, -0.494243, 0.516074, 0.0106245,-0.0528712,-0.0455194, 0.0926182, 0.0915031, 0.104499, 0.174572, 0.329334, 0.310081
-0.497879,-0.491181, -0.494484, 0.516086, 0.00893401,-0.0585259,-0.0475446, 0.0913599, 0.0914325, 0.104372, 0.173839, 0.328056, 0.309503
-0.497586,-0.491114, -0.494469, 0.516444, 0.00844408,-0.0645927,-0.047731, 0.0894908, 0.0913443, 0.104201, 0.173375, 0.326841, 0.308977
-0.497208,-0.49115, -0.494199, 0.517033, 0.00866971,-0.0718571,-0.0469515, 0.0873556, 0.0912423, 0.104003, 0.172954, 0.324823, 0.308601
-0.497139,-0.491293, -0.494869, 0.516322, 0.0130117,-0.0660069,-0.0486177, 0.0863773, 0.0909721, 0.103827, 0.170187, 0.32209, 0.307967
-0.496756,-0.49137, -0.494459, 0.51701, 0.0137351,-0.0734201,-0.0476062, 0.0841667, 0.0908427, 0.10359, 0.169853, 0.319095, 0.307477
-0.496425,-0.491566, -0.493862, 0.517712, 0.0142679,-0.077167,-0.0465867, 0.0817683, 0.0907, 0.103313, 0.169266, 0.316278, 0.306659
-0.496108,-0.491809, -0.493212, 0.518404, 0.0144924,-0.0784725,-0.0451681, 0.0793064, 0.0905777, 0.10306, 0.16844, 0.314771, 0.305454
-0.495595,-0.491814, -0.493694, 0.518431, 0.0220677,-0.066237,-0.0512875, 0.0781515, 0.0903227, 0.102998, 0.165259, 0.310645, 0.302693
-0.4954,-0.491957, -0.493297, 0.518859, 0.0222232,-0.066048,-0.0493972, 0.0756793, 0.0901733, 0.102752, 0.164238, 0.310326, 0.300272
-0.495442,-0.491988, -0.493148, 0.518932, 0.0221915,-0.0659014,-0.0490335, 0.0733406, 0.0899744, 0.102517, 0.163051, 0.309931, 0.295748
-0.495505,-0.49203, -0.493564, 0.518435, 0.0251511,-0.0607799,-0.0516014, 0.0710094, 0.0896419, 0.102196, 0.161389, 0.306796, 0.28699
-0.496103,-0.492249, -0.494047, 0.517196, 0.028097,-0.0555238,-0.0544858, 0.0704329, 0.0893418, 0.101957, 0.160099, 0.303481, 0.286539
-0.496174,-0.49244, -0.49504, 0.515994, 0.0347197,-0.0391157,-0.062265, 0.0679228, 0.0887479, 0.10136, 0.157204, 0.292068, 0.269745
-0.495606,-0.493083, -0.496846, 0.514186, 0.0486549,0.00299326,-0.071065, 0.0653263, 0.0878808, 0.100462, 0.152192, 0.265732, 0.24354
-0.494736,-0.493866, -0.498711, 0.512465, 0.0646583,0.0508553,-0.078318, 0.0629829, 0.0868942, 0.0994414, 0.145702, 0.229475, 0.212874
-0.495744,-0.494025, -0.499102, 0.510955, 0.0642853,0.0502514,-0.0756937, 0.0623334, 0.0863629, 0.0987289, 0.145548, 0.229187, 0.211692
-0.495188,-0.494611, -0.500143, 0.509908, 0.0736305,0.0778039,-0.0793697, 0.0608863, 0.0854817, 0.0979048, 0.140507, 0.197025, 0.184686
-0.494853,-0.495084, -0.500747, 0.50918, 0.0791016,0.0942821,-0.0814836, 0.0600924, 0.0848181, 0.0973739, 0.137643, 0.174764, 0.164428
-0.494798,-0.495521, -0.50107, 0.508491, 0.0823301,0.103224,-0.0849994, 0.0596417, 0.084326, 0.0970315, 0.136018, 0.160419, 0.150002
-0.494955,-0.495241, -0.500872, 0.508805, 0.082649,0.105871,-0.0818631, 0.0591664, 0.0832837, 0.0960111, 0.135953, 0.159928, 0.147905
-0.494954,-0.495648, -0.501035, 0.508249, 0.0850329,0.111594,-0.0847146, 0.0589248, 0.0829123, 0.095786, 0.134879, 0.150783, 0.138028
-0.494974,-0.496042, -0.501124, 0.507758, 0.086928,0.115088,-0.0872357, 0.0587418, 0.082634, 0.0956203, 0.134091, 0.144747, 0.13113
-0.494947,-0.496422, -0.501205, 0.507333, 0.0892358,0.118472,-0.0892026, 0.0585508, 0.0824194, 0.0954766, 0.133228, 0.140404, 0.126044
-0.494618,-0.496467, -0.501471, 0.507347, 0.0889129,0.118556,-0.0892919, 0.0581646, 0.0810047, 0.0942151, 0.133135, 0.139651, 0.123486
-0.49457,-0.496758, -0.501512, 0.507068, 0.0910925,0.120405,-0.09025, 0.0579385, 0.0808328, 0.0940856, 0.131832, 0.136315, 0.119689
-0.49455,-0.496989, -0.501484, 0.506889, 0.0915497,0.120146,-0.0894179, 0.0576881, 0.0806706, 0.0939342, 0.130425, 0.133776, 0.116812
-0.494556,-0.497189, -0.501427, 0.506744, 0.0911779,0.119133,-0.0881532, 0.057474, 0.080513, 0.0937576, 0.129272, 0.131846, 0.114623
-0.494763,-0.497241, -0.500643, 0.507265, 0.0915643,0.119945,-0.0866546, 0.0571567, 0.0791193, 0.0926165, 0.129111, 0.130981, 0.112159
-0.494724,-0.497445, -0.500584, 0.507161, 0.0910274,0.119172,-0.0849535, 0.0569784, 0.0789624, 0.0924155, 0.128128, 0.129445, 0.110516
-0.494722,-0.497642, -0.500504, 0.507047, 0.0898764,0.117665,-0.083379, 0.0568311, 0.0787908, 0.0921927, 0.127391, 0.12824, 0.109242
-0.494702,-0.497862, -0.500434, 0.506922, 0.0890635,0.116398,-0.0820131, 0.0567175, 0.0786161, 0.0919474, 0.126912, 0.127254, 0.108238
-0.495214,-0.497637, -0.498534, 0.508512, 0.0902772,0.120281,-0.0804775, 0.0563233, 0.0773184, 0.0907902, 0.126771, 0.126351, 0.105917
-0.495176,-0.497897, -0.49848, 0.508348, 0.0894363,0.119,-0.07932, 0.0561926, 0.0771358, 0.090507, 0.126236, 0.12547, 0.105159
-0.495152,-0.498155, -0.498377, 0.508219, 0.0884484,0.117809,-0.0783146, 0.0560423, 0.0769345, 0.0902031, 0.125722, 0.124674, 0.104516
-0.495085,-0.498416, -0.498284, 0.508119, 0.0879206,0.117075,-0.0770971, 0.0558417, 0.0767018, 0.0898809, 0.125137, 0.123933, 0.103939
-0.495433,-0.498577, -0.498344, 0.507562, 0.0882214,0.115428,-0.0754003, 0.0553663, 0.0756244, 0.0887202, 0.124983, 0.12296, 0.101929
-0.495361,-0.498918, -0.498144, 0.507495, 0.087258,0.114614,-0.0742897, 0.0550492, 0.0753193, 0.0883666, 0.124094, 0.12223, 0.101417
-0.495314,-0.499464, -0.497644, 0.507494, 0.0848476,0.113481,-0.0737503, 0.0546805, 0.0749778, 0.0879956, 0.123231, 0.121527, 0.100882
-0.495193,-0.499999, -0.497259, 0.507463, 0.0835434,0.112406,-0.0731602, 0.0542608, 0.0746124, 0.0875986, 0.122488, 0.120812, 0.100285
-0.495503,-0.500125, -0.498225, 0.506087, 0.0828316,0.109173,-0.0718489, 0.0535992, 0.0737054, 0.0861759, 0.122278, 0.119496, 0.0984912
-0.495367,-0.500644, -0.497862, 0.506063, 0.0821315,0.108312,-0.0711752, 0.0530768, 0.07325, 0.085747, 0.121283, 0.118748, 0.0978659
-0.495236,-0.501351, -0.497294, 0.506051, 0.080442,0.107402,-0.0710917, 0.0524546, 0.0727241, 0.0853005, 0.119969, 0.117999, 0.0971768
-0.495107,-0.502131, -0.496733, 0.505954, 0.0786035,0.106403,-0.071262, 0.0518161, 0.0721807, 0.0848388, 0.1187, 0.117231, 0.0964381
-0.495,-0.502225, -0.49736, 0.50535, 0.0783567,0.104244,-0.0713668, 0.0513411, 0.071383, 0.0836064, 0.118468, 0.116076, 0.0949
-0.494864,-0.502997, -0.496807, 0.50526, 0.0769714,0.103457,-0.0715779, 0.0507039, 0.0707899, 0.083129, 0.117215, 0.115291, 0.0941618
-0.494743,-0.503838, -0.496208, 0.505128, 0.0753228,0.102757,-0.072067, 0.050079, 0.070187, 0.0826406, 0.115956, 0.114493, 0.0933855
-0.494678,-0.504548, -0.495801, 0.504882, 0.0735775,0.101984,-0.072399, 0.0495197, 0.0695805, 0.082148, 0.114775, 0.113696, 0.0925985
-0.495005,-0.504489, -0.495062, 0.505346, 0.0746187,0.10311,-0.0713369, 0.0490751, 0.068768, 0.0810343, 0.114599, 0.112612, 0.0913148
-0.49497,-0.505366, -0.494519, 0.505035, 0.0721308,0.102474,-0.0721639, 0.0486277, 0.0681417, 0.080535, 0.113569, 0.111823, 0.0905713
-0.494918,-0.506276, -0.494023, 0.50466, 0.0699975,0.101777,-0.0730875, 0.0482966, 0.0675483, 0.0800114, 0.112827, 0.111027, 0.0898496
-0.494842,-0.507079, -0.493684, 0.504259, 0.0684957,0.100976,-0.0739131, 0.0480778, 0.0669889, 0.0794615, 0.112348, 0.110227, 0.0891626
-0.495239,-0.507617, -0.495114, 0.501921, 0.0667989,0.0951894,-0.0719375, 0.0476471, 0.0663828, 0.0786278, 0.112194, 0.109375, 0.0882745
-0.495151,-0.508292, -0.494907, 0.501529, 0.0661538,0.094332,-0.0724102, 0.0475028, 0.0658413, 0.0780489, 0.111818, 0.108581, 0.0876404
-0.495087,-0.508901, -0.49471, 0.501169, 0.0658348,0.0937445,-0.0730178, 0.0474153, 0.0653234, 0.077465, 0.111542, 0.107792, 0.0870449
-0.495045,-0.509386, -0.49458, 0.500846, 0.0657506,0.0932246,-0.0733527, 0.0473564, 0.064838, 0.0768747, 0.111319, 0.107002, 0.0864824
-0.495509,-0.509502, -0.494255, 0.50059, 0.0655848,0.0931362,-0.072072, 0.046971, 0.0642863, 0.0763326, 0.111191, 0.10636, 0.085848
-0.49549,-0.509929, -0.494133, 0.500295, 0.0655671,0.0927956,-0.072443, 0.0469317, 0.0638207, 0.0757397, 0.111, 0.10557, 0.0853347
-0.495476,-0.510301, -0.494036, 0.500025, 0.0656839,0.0925221,-0.0727944, 0.0468943, 0.0633884, 0.0751394, 0.110808, 0.104771, 0.0848413
-0.495467,-0.510438, -0.493992, 0.499937, 0.0656476,0.0924384,-0.0728138, 0.046869, 0.062964, 0.0745502, 0.110643, 0.10398, 0.0843753
-0.496009,-0.510717, -0.493923, 0.499183, 0.0651459,0.0911634,-0.0711719, 0.046515, 0.0625851, 0.0741192, 0.110507, 0.10342, 0.0839702
-0.496043,-0.510922, -0.493859, 0.499002, 0.0649259,0.0910932,-0.0712515, 0.0465075, 0.0621539, 0.073555, 0.110372, 0.102665, 0.0835419
-0.49616,-0.511182, -0.493748, 0.498729, 0.0647592,0.0913299,-0.0715555, 0.046496, 0.0617455, 0.0729954, 0.110252, 0.101917, 0.0831334
-0.49622,-0.511303, -0.493671, 0.498622, 0.0648899,0.0915805,-0.0716919, 0.0464655, 0.0613815, 0.0724233, 0.110137, 0.101158, 0.0827411
-0.496548,-0.511575, -0.494569, 0.497124, 0.0630872,0.088374,-0.0705572, 0.0462156, 0.0611598, 0.0721576, 0.110009, 0.100761, 0.0825091
-0.496607,-0.511595, -0.494498, 0.497116, 0.0633243,0.0887201,-0.0705918, 0.046174, 0.0608034, 0.0716031, 0.109886, 0.100046, 0.082151
-0.496738,-0.511661, -0.49444, 0.496975, 0.0636144,0.0891499,-0.070674, 0.0461127, 0.0604677, 0.0710564, 0.1097, 0.0993337, 0.0818069
-0.496793,-0.511628, -0.494395, 0.496998, 0.0638546,0.0894862,-0.07071, 0.0460342, 0.0601604, 0.0705054, 0.109447, 0.0986061, 0.081467
-0.497145,-0.511722, -0.49424, 0.496703, 0.0630737,0.0895307,-0.0698545, 0.0458037, 0.0600209, 0.0702432, 0.109271, 0.0980687, 0.0812695
-0.497227,-0.511652, -0.494202, 0.496731, 0.0632436,0.0899889,-0.0699825, 0.04573, 0.0597, 0.0697303, 0.10896, 0.0973886, 0.0809335
-0.497346,-0.511593, -0.494175, 0.496699, 0.0631875,0.090518,-0.0702203, 0.0456619, 0.0593953, 0.0692193, 0.108638, 0.0966944, 0.0805743
-0.497395,-0.511495, -0.494162, 0.496765, 0.0631898,0.0909093,-0.070497, 0.0456064, 0.0591021, 0.0687075, 0.108343, 0.0959796, 0.0801809
-0.497619,-0.511512, -0.494238, 0.496446, 0.0623636,0.090753,-0.0699881, 0.045453, 0.058976, 0.0684706, 0.108115, 0.0954508, 0.0799447
-0.497609,-0.51144, -0.494258, 0.496511, 0.0623247,0.0909223,-0.070327, 0.0454086, 0.0586709, 0.0680018, 0.10782, 0.0947939, 0.0795294
-0.497673,-0.511327, -0.494227, 0.496594, 0.0622021,0.0914272,-0.0706533, 0.0453633, 0.0583558, 0.0675457, 0.107507, 0.0941289, 0.0790557
-0.497694,-0.51122, -0.494224, 0.496686, 0.0622785,0.091749,-0.0709315, 0.0453171, 0.0580503, 0.0670905, 0.107219, 0.0934473, 0.0785412
-0.497816,-0.511177, -0.494316, 0.496517, 0.061555,0.0918752,-0.0707297, 0.0452292, 0.0578867, 0.0668493, 0.106951, 0.0929215, 0.0782424
-0.497573,-0.511028, -0.494448, 0.496782, 0.062704,0.0915321,-0.0714699, 0.0451505, 0.0575525, 0.0664628, 0.106477, 0.0923348, 0.0777045
-0.497515,-0.510953, -0.494479, 0.496887, 0.0627954,0.0916482,-0.0719662, 0.0449983, 0.0571783, 0.0660942, 0.105688, 0.0917372, 0.0770659
-0.497308,-0.510905, -0.494597, 0.497026, 0.0634294,0.0913454,-0.0727692, 0.0448246, 0.0568066, 0.0657359, 0.104854, 0.0911389, 0.0763857
-0.497311,-0.511079, -0.494798, 0.496643, 0.0631107,0.0902808,-0.0724298, 0.0447697, 0.0565516, 0.0652931, 0.104659, 0.0902693, 0.0759579
-0.496996,-0.511043, -0.494965, 0.49683, 0.0644541,0.089747,-0.0734377, 0.0445359, 0.0561947, 0.0649982, 0.103568, 0.0897848, 0.0752993
-0.497042,-0.511016, -0.494906, 0.496871, 0.0635541,0.0901644,-0.073713, 0.0442664, 0.0558274, 0.0647128, 0.102261, 0.0893, 0.0746049
-0.497049,-0.510999, -0.494887, 0.496899, 0.0631344,0.0903792,-0.0739693, 0.0440703, 0.0555021, 0.0644454, 0.101227, 0.0888453, 0.0739639
-0.496738,-0.511191, -0.495303, 0.496598, 0.0626106,0.0882409,-0.0745836, 0.0440359, 0.0552107, 0.0639149, 0.101142, 0.087857, 0.0735055
-0.496793,-0.511127, -0.495311, 0.496601, 0.0622944,0.0884077,-0.0746095, 0.0438542, 0.054955, 0.0637032, 0.100094, 0.0875207, 0.072987
-0.497052,-0.511088, -0.495186, 0.496506, 0.0607275,0.0890447,-0.07411, 0.0437113, 0.0547211, 0.0635101, 0.0991888, 0.0872096, 0.0725117
-0.497083,-0.511069, -0.495194, 0.496488, 0.0605662,0.0891067,-0.0741356, 0.0436245, 0.0545189, 0.0633323, 0.0985441, 0.0869234, 0.0720949
-0.496953,-0.511146, -0.495394, 0.496338, 0.0592634,0.0880867,-0.0744325, 0.0435793, 0.0541658, 0.0627816, 0.0983093, 0.0859381, 0.0715864
-0.496935,-0.51113, -0.495438, 0.49633, 0.0593257,0.0879917,-0.0745449, 0.0434878, 0.0539956, 0.0626491, 0.0974876, 0.085736, 0.0712496
-0.497131,-0.511152, -0.495356, 0.496193, 0.0580812,0.0882729,-0.0740134, 0.0434131, 0.0538296, 0.0625204, 0.0966828, 0.085533, 0.0709317
-0.497246,-0.51117, -0.495316, 0.496098, 0.0575493,0.088387,-0.073679, 0.0433733, 0.053679, 0.0623902, 0.0960703, 0.0853279, 0.0706446
-0.496917,-0.511396, -0.495982, 0.49553, 0.0536805,0.0853825,-0.0743901, 0.0433185, 0.053231, 0.0618009, 0.0954985, 0.0843166, 0.0700351
-0.497033,-0.511416, -0.495943, 0.495432, 0.0528824,0.0854731,-0.073987, 0.0432837, 0.0531183, 0.061691, 0.0948618, 0.0841597, 0.0698285
-0.497287,-0.511489, -0.495848, 0.495196, 0.0517025,0.0856465,-0.0730349, 0.0432471, 0.0529987, 0.0615767, 0.0944457, 0.0839922, 0.0696174
-0.497516,-0.511559, -0.495737, 0.495006, 0.051196,0.0858596,-0.072108, 0.0431841, 0.0528726, 0.0614499, 0.0941964, 0.0838042, 0.0693971
-0.496943,-0.511854, -0.496594, 0.494416, 0.0469085,0.0823067,-0.0732849, 0.043112, 0.0522672, 0.0606819, 0.0933229, 0.082569, 0.0685819
-0.497179,-0.511966, -0.496517, 0.494141, 0.0471307,0.0823955,-0.0721639, 0.0429898, 0.0521673, 0.0605461, 0.0930715, 0.0823858, 0.0684055
-0.497264,-0.512007, -0.496462, 0.494068, 0.0474204,0.082495,-0.0717035, 0.0427893, 0.0520539, 0.0603946, 0.0927107, 0.0821704, 0.0682068
-0.497299,-0.51203, -0.496443, 0.494027, 0.0474808,0.0825042,-0.071498, 0.0425958, 0.0519164, 0.0602566, 0.0923604, 0.0819581, 0.0679816
-0.496752,-0.51245, -0.497329, 0.493251, 0.0436314,0.0787627,-0.0722069, 0.0425134, 0.0511446, 0.0592823, 0.0914087, 0.0805304, 0.0669725
-0.496823,-0.512501, -0.497327, 0.493128, 0.0440657,0.0787149,-0.0718194, 0.0423301, 0.0510292, 0.0591588, 0.091012, 0.0803451, 0.0667897
-0.49694,-0.512573, -0.497274, 0.492989, 0.0450519,0.0788103,-0.0712035, 0.0421167, 0.0508964, 0.0590386, 0.090483, 0.0801529, 0.0665869
-0.497021,-0.512625, -0.497197, 0.492931, 0.0461338,0.0790038,-0.0707263, 0.04183, 0.0507463, 0.0589126, 0.0897289, 0.0799429, 0.0663639
-0.496098,-0.51317, -0.498686, 0.491787, 0.0417573,0.0734936,-0.0721567, 0.0417384, 0.0499028, 0.0577471, 0.0887902, 0.0783859, 0.0652911
-0.496095,-0.513159, -0.498777, 0.491709, 0.0422451,0.0733035,-0.0721928, 0.0414597, 0.0497789, 0.0576315, 0.087961, 0.0781965, 0.065115
-0.496112,-0.51319, -0.498773, 0.491664, 0.0429948,0.0733007,-0.0720226, 0.0412359, 0.0496372, 0.0575331, 0.0871055, 0.0780251, 0.0649273
-0.49613,-0.513252, -0.498644, 0.491712, 0.0437022,0.0735897,-0.0717398, 0.040985, 0.0494792, 0.0574359, 0.086147, 0.0778519, 0.0647262
-0.496282,-0.513475, -0.49849, 0.491483, 0.042951,0.073309,-0.0708632, 0.0409301, 0.0488438, 0.0571869, 0.0855555, 0.07751, 0.0640576
-0.496256,-0.513457, -0.498513, 0.491504, 0.0424176,0.0732754,-0.0709983, 0.0406894, 0.0487066, 0.057094, 0.0846234, 0.0773397, 0.0638888
-0.496235,-0.513432, -0.498539, 0.491525, 0.0421402,0.0732677,-0.0711204, 0.0405373, 0.0485493, 0.0570162, 0.0837688, 0.0771923, 0.0637121
-0.496282,-0.513508, -0.498329, 0.491611, 0.0412851,0.0737037,-0.070854, 0.0404071, 0.0483765, 0.0569416, 0.0829519, 0.0770507, 0.0635265
-0.495815,-0.513988, -0.498738, 0.491166, 0.038591,0.071266,-0.0712444, 0.0402863, 0.0475116, 0.0554413, 0.0820049, 0.0752694, 0.0624022
-0.495825,-0.514026, -0.498597, 0.491259, 0.037901,0.0716196,-0.0711644, 0.0401524, 0.0473679, 0.0553606, 0.0813277, 0.0751149, 0.0622516
-0.495828,-0.514022, -0.498536, 0.491322, 0.0373066,0.071834,-0.0711863, 0.0400416, 0.0472087, 0.0552817, 0.0807106, 0.0749615, 0.0620881
-0.495861,-0.514036, -0.498418, 0.491394, 0.0365071,0.0721837,-0.0711278, 0.0399596, 0.0470336, 0.0552059, 0.0801216, 0.0748123, 0.0619123
-0.4952,-0.514719, -0.499257, 0.490494, 0.032903,0.0681563,-0.0716861, 0.0398427, 0.0462054, 0.0534433, 0.0793907, 0.0727898, 0.0608171
-0.49526,-0.514744, -0.49907, 0.490596, 0.031924,0.068701,-0.0715837, 0.0397682, 0.046053, 0.0533516, 0.0788861, 0.0726092, 0.0606634
-0.495321,-0.514755, -0.498883, 0.490715, 0.0310614,0.0692936,-0.071507, 0.0396901, 0.0458867, 0.053258, 0.0784962, 0.0724224, 0.0604905
-0.495392,-0.514758, -0.498678, 0.490848, 0.030232,0.0699703,-0.0714311, 0.0396169, 0.0457046, 0.053165, 0.0781847, 0.0722345, 0.0602977
-0.494729,-0.51556, -0.500127, 0.489198, 0.0259555,0.0639777,-0.0718644, 0.0394775, 0.0449845, 0.0513535, 0.0776406, 0.0701959, 0.0593368
-0.494804,-0.515538, -0.499943, 0.489333, 0.0253929,0.0646498,-0.0718266, 0.0394094, 0.0448177, 0.0512324, 0.0773933, 0.0699575, 0.0591549
-0.494859,-0.515512, -0.499801, 0.48945, 0.0249977,0.0652027,-0.0718364, 0.0393422, 0.0446399, 0.0511183, 0.0771681, 0.0697305, 0.0589583
-0.494927,-0.515491, -0.499627, 0.48958, 0.0245196,0.0658459,-0.0718459, 0.0392729, 0.0444534, 0.0510111, 0.0769569, 0.0695167, 0.0587488
-0.494397,-0.516257, -0.500662, 0.48825, 0.0211726,0.0610136,-0.0719642, 0.0391373, 0.0439035, 0.0493674, 0.0765302, 0.067694, 0.0580206
-0.494464,-0.516213, -0.5005, 0.488395, 0.0208234,0.0616667,-0.0719976, 0.0390692, 0.0437298, 0.0492295, 0.0763393, 0.0674324, 0.0578188
-0.494525,-0.516179, -0.500371, 0.488501, 0.0205213,0.0621685,-0.0719829, 0.0390047, 0.0435482, 0.0491055, 0.0761512, 0.0671953, 0.0576067
-0.49458,-0.516137, -0.500285, 0.488577, 0.0204368,0.0625394,-0.0718865, 0.0389578, 0.0433595, 0.0489956, 0.0759311, 0.0669851, 0.0573857
-0.494423,-0.51678, -0.501252, 0.487064, 0.0168081,0.0581191,-0.0713678, 0.0388324, 0.0429254, 0.0475996, 0.0755723, 0.0654454, 0.056808
-0.494518,-0.516717, -0.501121, 0.487169, 0.0165148,0.0587192,-0.0713395, 0.0388047, 0.042741, 0.0474629, 0.0752886, 0.065197, 0.056587
-0.494624,-0.516643, -0.500938, 0.487328, 0.016066,0.0595395,-0.0714119, 0.0387708, 0.0425525, 0.047336, 0.0750756, 0.0649653, 0.0563581
-0.49472,-0.51659, -0.500771, 0.487457, 0.0157569,0.0602331,-0.0714196, 0.0387315, 0.0423576, 0.0472151, 0.0748936, 0.0647444, 0.0561179
-0.495165,-0.516718, -0.500278, 0.487378, 0.0140319,0.0608784,-0.0702874, 0.0386184, 0.0420104, 0.0459637, 0.0746199, 0.0633596, 0.055654
-0.495282,-0.516638, -0.500037, 0.487589, 0.013762,0.061883,-0.0703759, 0.0385651, 0.0418205, 0.0457967, 0.0744977, 0.0630699, 0.0554054
-0.495364,-0.516576, -0.499821, 0.487794, 0.0137175,0.0627453,-0.0704644, 0.038482, 0.0416231, 0.0456354, 0.0743996, 0.0627897, 0.0551454
-0.495432,-0.516525, -0.499601, 0.488004, 0.0137093,0.06358,-0.0705516, 0.0383801, 0.0414192, 0.0454818, 0.0743029, 0.0625246, 0.0548743
-0.495686,-0.516807, -0.49955, 0.487498, 0.0121144,0.0627137,-0.0695609, 0.0382814, 0.0411594, 0.0444298, 0.0740953, 0.0613632, 0.0545404
-0.495726,-0.51674, -0.499339, 0.487745, 0.012222,0.0635545,-0.0697383, 0.0381491, 0.0409568, 0.0442412, 0.0740052, 0.0610518, 0.0542635
-0.495757,-0.516676, -0.499189, 0.487935, 0.012252,0.0641822,-0.0698934, 0.0379963, 0.0407502, 0.0440702, 0.0739063, 0.0607729, 0.0539806
-0.495787,-0.516622, -0.49907, 0.488084, 0.0121891,0.0646776,-0.0700034, 0.0378278, 0.0405412, 0.0439162, 0.0737916, 0.0605264, 0.0536935
-0.496436,-0.516627, -0.498524, 0.487976, 0.0110051,0.0657611,-0.0685233, 0.0377395, 0.0403637, 0.0431352, 0.0735977, 0.059676, 0.0534818
-0.496489,-0.51659, -0.498433, 0.488055, 0.0107799,0.0660995,-0.0684565, 0.0375742, 0.0401551, 0.0429651, 0.0734718, 0.0594167, 0.0531875
-0.496533,-0.516543, -0.498294, 0.488202, 0.0104579,0.0666099,-0.0685073, 0.0374247, 0.0399504, 0.0428156, 0.0733226, 0.0591934, 0.0528978
-0.496592,-0.516513, -0.498147, 0.488324, 0.0100008,0.0670834,-0.0684552, 0.0372843, 0.0397495, 0.0426818, 0.0731624, 0.058997, 0.0526145
-0.49702,-0.516542, -0.497624, 0.488391, 0.00926866,0.0681174,-0.0674369, 0.0372035, 0.0396162, 0.0421329, 0.0729583, 0.0584072, 0.0524619
-0.497102,-0.516507, -0.497493, 0.488478, 0.00887927,0.0685507,-0.0672869, 0.0370806, 0.0394194, 0.0419905, 0.0728093, 0.0582037, 0.0521808
-0.49717,-0.516452, -0.497377, 0.488585, 0.00853159,0.0690036,-0.0672505, 0.0369762, 0.0392298, 0.0418632, 0.0726447, 0.0580241, 0.0519107
-0.497263,-0.516401, -0.497258, 0.488666, 0.00814714,0.069445,-0.0671115, 0.0368879, 0.0390473, 0.0417474, 0.0724672, 0.0578627, 0.0516517
-0.497844,-0.516307, -0.496471, 0.488973, 0.00729877,0.0714474,-0.0658856, 0.0368142, 0.0389328, 0.0413009, 0.0722639, 0.0573787, 0.051516
-0.497957,-0.516244, -0.496364, 0.489033, 0.00708904,0.0718896,-0.0656872, 0.0367461, 0.0387558, 0.0411778, 0.0720721, 0.0572103, 0.0512611
-0.498051,-0.516161, -0.496246, 0.489145, 0.00679587,0.0724183,-0.0656467, 0.0366943, 0.0385885, 0.0410657, 0.0718591, 0.057058, 0.0510211
-0.498109,-0.516085, -0.496117, 0.489297, 0.00638477,0.0729496,-0.0657466, 0.0366514, 0.0384291, 0.0409623, 0.0716731, 0.0569173, 0.0507957
-0.498568,-0.516037, -0.495368, 0.48964, 0.00578847,0.0747962,-0.0646549, 0.0365866, 0.0383224, 0.0406164, 0.071481, 0.0565362, 0.0506579
-0.498614,-0.515955, -0.495248, 0.4898, 0.00566295,0.0753118,-0.064744, 0.0365445, 0.0381697, 0.0405096, 0.0713366, 0.0563923, 0.0504419
-0.498643,-0.515867, -0.495139, 0.489973, 0.00563421,0.0758161,-0.0649024, 0.0365094, 0.0380249, 0.0404098, 0.0711911, 0.056257, 0.0502381
-0.498641,-0.515771, -0.495044, 0.490172, 0.00575154,0.0762996,-0.0651626, 0.0364767, 0.037885, 0.0403137, 0.0710535, 0.0561248, 0.0500418
-0.49924,-0.515717, -0.494308, 0.490362, 0.00467284,0.0781344,-0.0636941, 0.0364248, 0.0377826, 0.0400377, 0.0708837, 0.0558115, 0.0498971
-0.499206,-0.515621, -0.49421, 0.490596, 0.00476372,0.0786079,-0.0640966, 0.0363916, 0.0376489, 0.0399371, 0.0707619, 0.0556736, 0.0497071
-0.499106,-0.515539, -0.494149, 0.490846, 0.00479282,0.0789333,-0.0646971, 0.0363436, 0.0375128, 0.0398365, 0.0706818, 0.0555334, 0.0495137
-0.498987,-0.515465, -0.49408, 0.491113, 0.00489694,0.0792482,-0.0652967, 0.0362761, 0.0373712, 0.039734, 0.0706286, 0.055388, 0.0493103
-0.499358,-0.515526, -0.493566, 0.491189, 0.00441591,0.0802724,-0.0641458, 0.0362319, 0.037258, 0.039509, 0.0704912, 0.0551194, 0.0491376
-0.499219,-0.51545, -0.493486, 0.491491, 0.00459208,0.0806162,-0.0647934, 0.0361486, 0.037118, 0.0394012, 0.070452, 0.0549672, 0.048935
-0.499092,-0.515362, -0.493415, 0.491783, 0.00478147,0.0809787,-0.0654004, 0.0360597, 0.0369715, 0.0392874, 0.0704139, 0.0548026, 0.04872
-0.498968,-0.515259, -0.49336, 0.492072, 0.00496951,0.0813426,-0.0660427, 0.0359782, 0.0368194, 0.0391649, 0.0703764, 0.0546213, 0.0484918
-0.499332,-0.51536, -0.49274, 0.492219, 0.00460545,0.0825654,-0.0647352, 0.0359362, 0.0367051, 0.0389883, 0.0702598, 0.0543997, 0.0483114
-0.499223,-0.515226, -0.492677, 0.492532, 0.00482908,0.0830452,-0.0653952, 0.0358576, 0.0365568, 0.0388582, 0.070228, 0.0542071, 0.0480851
-0.499123,-0.515098, -0.492645, 0.492799, 0.00500651,0.0834366,-0.0660235, 0.0357833, 0.0363999, 0.0387162, 0.0701986, 0.053993, 0.0478401
-0.499078,-0.514918, -0.492583, 0.493096, 0.00517414,0.0840863,-0.0665926, 0.0357173, 0.0362352, 0.0385623, 0.070171, 0.0537568, 0.0475762
-0.499435,-0.515091, -0.492002, 0.493132, 0.00472436,0.0850321,-0.0650921, 0.0356732, 0.0361107, 0.0384201, 0.0700649, 0.0535674, 0.0473788
-0.499401,-0.514894, -0.491938, 0.493437, 0.00498427,0.085733,-0.0656819, 0.0356248, 0.0359563, 0.0382584, 0.0700331, 0.0533192, 0.0471264
-0.499371,-0.514749, -0.491907, 0.493649, 0.00515607,0.0862144,-0.0661303, 0.035581, 0.0357933, 0.0380848, 0.0700052, 0.0530508, 0.0468554
-0.499373,-0.514544, -0.491849, 0.49392, 0.00531024,0.0869475,-0.0666422, 0.0355427, 0.035624, 0.0379032, 0.0699783, 0.0527689, 0.0465694
-0.499627,-0.514765, -0.491599, 0.493681, 0.00489097,0.0869071,-0.0653953, 0.0354973, 0.0354801, 0.0377786, 0.0698716, 0.0525932, 0.0463437
-0.499602,-0.514614, -0.491566, 0.493896, 0.00502559,0.0874137,-0.0658544, 0.0354618, 0.0353219, 0.0375966, 0.0698484, 0.0523142, 0.0460764
-0.499627,-0.514457, -0.491514, 0.494086, 0.00511926,0.0880137,-0.066164, 0.0354259, 0.0351577, 0.0374113, 0.0698253, 0.0520311, 0.0457973
-0.499694,-0.514269, -0.491434, 0.494293, 0.00520883,0.0887913,-0.0664285, 0.0354002, 0.0349937, 0.0372267, 0.0698003, 0.0517488, 0.0455159
-0.499875,-0.514461, -0.491071, 0.494271, 0.00523668,0.0891963,-0.0653672, 0.0353502, 0.0348663, 0.0371277, 0.0696866, 0.0516037, 0.0453202
-0.499924,-0.514317, -0.491007, 0.494435, 0.00532937,0.0898033,-0.0655737, 0.0353277, 0.0347178, 0.0369507, 0.0696605, 0.0513369, 0.0450644
-0.500011,-0.514185, -0.490927, 0.494565, 0.00544005,0.0904457,-0.0656236, 0.0353087, 0.0345706, 0.0367798, 0.0696296, 0.0510804, 0.0448081
-0.500131,-0.51404, -0.490827, 0.494693, 0.00559303,0.0911917,-0.0655973, 0.0352939, 0.0344288, 0.0366166, 0.0695862, 0.0508361, 0.0445558
-0.500243,-0.514265, -0.490678, 0.494494, 0.00568391,0.0909484,-0.0646894, 0.0352363, 0.0343404, 0.0365314, 0.0694395, 0.0507091, 0.0444268
-0.500358,-0.514152, -0.490587, 0.494584, 0.00588528,0.0915817,-0.0645932, 0.035222, 0.0342135, 0.0363789, 0.0693799, 0.0504837, 0.0441964
-0.500477,-0.514059, -0.490497, 0.49465, 0.0060974,0.0921591,-0.064434, 0.0352051, 0.0340904, 0.0362335, 0.069301, 0.0502704, 0.0439688
-0.50057,-0.514011, -0.490419, 0.494684, 0.00631871,0.0925725,-0.0642358, 0.0351853, 0.0339718, 0.0360969, 0.0692094, 0.0500721, 0.0437468
-0.500646,-0.514172, -0.490203, 0.494653, 0.00644122,0.0927329,-0.0635399, 0.0351282, 0.0338971, 0.0360081, 0.0690021, 0.04994, 0.0436454
-0.500734,-0.51411, -0.490139, 0.494693, 0.00649148,0.0931291,-0.0634253, 0.0351041, 0.0337872, 0.0358837, 0.0688953, 0.0497637, 0.0434404
-0.500841,-0.514028, -0.490069, 0.494738, 0.0064027,0.0935919,-0.0633197, 0.0350802, 0.0336806, 0.03577, 0.0687911, 0.0496054, 0.0432429
-0.500961,-0.513876, -0.489995, 0.494848, 0.00610668,0.0942471,-0.0634034, 0.035063, 0.0335794, 0.0356684, 0.068718, 0.0494658, 0.0430574
-0.501,-0.514025, -0.489802, 0.494845, 0.0063373,0.0944054,-0.0628414, 0.035004, 0.0335183, 0.0355793, 0.0684429, 0.049334, 0.0429801
-0.501085,-0.513898, -0.489725, 0.494967, 0.0061949,0.0949917,-0.0629461, 0.0349963, 0.0334249, 0.0354906, 0.0684106, 0.0492138, 0.0428136
-0.501152,-0.513864, -0.489636, 0.495022, 0.00617371,0.0953619,-0.0628195, 0.0349902, 0.0333352, 0.035411, 0.0683872, 0.0491077, 0.0426564
-0.501217,-0.513823, -0.489551, 0.495084, 0.00608599,0.0957311,-0.0627365, 0.0349835, 0.0332505, 0.0353408, 0.0683583, 0.0490163, 0.0425088
-0.5012,-0.513926, -0.489366, 0.495176, 0.00564676,0.0960434,-0.0624463, 0.0349241, 0.0331912, 0.0352508, 0.0680284, 0.0488834, 0.042435
-0.501239,-0.513905, -0.489293, 0.495231, 0.00555733,0.0963178,-0.0623915, 0.0349189, 0.0331125, 0.0351907, 0.0679921, 0.0488066, 0.0423015
-0.50126,-0.51394, -0.48923, 0.495235, 0.0054521,0.0964061,-0.0622228, 0.0349125, 0.0330369, 0.0351386, 0.0679257, 0.0487421, 0.0421761
-0.501298,-0.513958, -0.489154, 0.495254, 0.00512826,0.09657,-0.0620717, 0.034905, 0.0329659, 0.0350921, 0.0678395, 0.0486855, 0.0420598
-0.50127,-0.51404, -0.488982, 0.495366, 0.005823,0.0968971,-0.0618461, 0.0348417, 0.032901, 0.0350069, 0.0674591, 0.0485594, 0.0419749
-0.5013,-0.514065, -0.488905, 0.495386, 0.00543946,0.0970385,-0.0616991, 0.0348356, 0.0328367, 0.0349638, 0.0673753, 0.0485051, 0.0418716
-0.501322,-0.514177, -0.48883, 0.495322, 0.00506736,0.0969301,-0.0613161, 0.0348292, 0.0327783, 0.0349228, 0.0672976, 0.0484523, 0.0417778
-0.501345,-0.514339, -0.488776, 0.495184, 0.00473625,0.0966249,-0.0607837, 0.0348188, 0.0327251, 0.0348818, 0.0672024, 0.0483994, 0.0416903
-0.501235,-0.514453, -0.488685, 0.495267, 0.00453528,0.0966972,-0.0607253, 0.0347501, 0.0326424, 0.0348047, 0.0667571, 0.0482855, 0.0415746
-0.501267,-0.514592, -0.488658, 0.495115, 0.00412862,0.0963745,-0.0602453, 0.0347314, 0.0325936, 0.0347601, 0.0666222, 0.0482261, 0.0414935
-0.501264,-0.514776, -0.488633, 0.494953, 0.0041944,0.0959393,-0.0597114, 0.034703, 0.0325476, 0.0347129, 0.0664375, 0.0481626, 0.0414177
-0.501259,-0.514976, -0.488634, 0.494748, 0.00455951,0.0953982,-0.0591149, 0.0346465, 0.0325005, 0.0346612, 0.066092, 0.0480923, 0.0413441
-0.501131,-0.514978, -0.488587, 0.494922, 0.00426599,0.0957057,-0.0594009, 0.0345715, 0.0323792, 0.0345896, 0.0655499, 0.0479848, 0.0411653
-0.50115,-0.515145, -0.48863, 0.494687, 0.00449748,0.0951361,-0.0588499, 0.034482, 0.0323325, 0.0345312, 0.0650294, 0.0479042, 0.0410971
-0.501187,-0.515299, -0.488721, 0.4944, 0.00500936,0.0944775,-0.0582644, 0.0343557, 0.032283, 0.0344653, 0.0643519, 0.0478117, 0.0410307
-0.50125,-0.515415, -0.488847, 0.494089, 0.00513191,0.093813,-0.0577528, 0.034192, 0.0322299, 0.0343892, 0.0635546, 0.0477037, 0.0409652
-0.501063,-0.515403, -0.488761, 0.494377, 0.00562503,0.0942639,-0.0581881, 0.034115, 0.0320654, 0.0343172, 0.0629192, 0.0475919, 0.040717
-0.501104,-0.515504, -0.488885, 0.494107, 0.00562923,0.0936433,-0.0577925, 0.0339525, 0.0320142, 0.0342311, 0.0621245, 0.0474674, 0.0406593
-0.501131,-0.515589, -0.489026, 0.493851, 0.00619074,0.0930318,-0.0574357, 0.0337776, 0.0319579, 0.0341366, 0.0612698, 0.0473285, 0.0406001
-0.501161,-0.515636, -0.489184, 0.493615, 0.00714675,0.0924939,-0.0571512, 0.033567, 0.0318934, 0.034033, 0.0602868, 0.0471751, 0.0405364
-0.501007,-0.515474, -0.489153, 0.493971, 0.00711399,0.0932253,-0.0579294, 0.0334868, 0.0317177, 0.0339667, 0.0596055, 0.0470684, 0.040266
-0.501036,-0.515477, -0.489308, 0.493786, 0.00820275,0.0928273,-0.0577656, 0.0332391, 0.0316491, 0.0338549, 0.0584807, 0.0469024, 0.0402033
-0.501112,-0.515422, -0.489504, 0.493571, 0.0091239,0.0924804,-0.0576515, 0.0329636, 0.0315718, 0.0337331, 0.0572662, 0.0467197, 0.0401341
-0.501212,-0.515335, -0.489711, 0.493356, 0.0098909,0.0921952,-0.0575795, 0.032669, 0.0314865, 0.0336006, 0.056022, 0.0465204, 0.0400576
-0.501112,-0.515032, -0.489649, 0.493835, 0.00927052,0.0934053,-0.0586135, 0.0325795, 0.0313214, 0.0335141, 0.0552941, 0.0463755, 0.0397981
-0.501248,-0.514949, -0.489888, 0.493545, 0.00912338,0.09299,-0.058504, 0.0322891, 0.031237, 0.0333735, 0.0540847, 0.0461642, 0.0397231
-0.501408,-0.514891, -0.49016, 0.493173, 0.008171,0.092383,-0.0583287, 0.0320342, 0.0311537, 0.0332262, 0.0530382, 0.0459436, 0.0396466
-0.501555,-0.514883, -0.490419, 0.492775, 0.00676025,0.0916471,-0.0580857, 0.0318391, 0.0310769, 0.0330756, 0.0522233, 0.0457184, 0.0395729
-0.501539,-0.514553, -0.490456, 0.4931, 0.00523876,0.0926708,-0.0590523, 0.0317374, 0.0309477, 0.0329812, 0.0514773, 0.0455602, 0.0393632
-0.50169,-0.514522, -0.49075, 0.492686, 0.00386803,0.0918896,-0.0588615, 0.0315895, 0.0308806, 0.0328328, 0.0508279, 0.0453405, 0.0392975
-0.501823,-0.514532, -0.491057, 0.492233, 0.00224302,0.0909323,-0.0586322, 0.0314798, 0.0308183, 0.0326839, 0.0503463, 0.0451218, 0.0392337
-0.501921,-0.514581, -0.491383, 0.491758, 0.000683114,0.0897911,-0.0583938, 0.0314057, 0.0307621, 0.0325354, 0.0500327, 0.044905, 0.039173
-0.502037,-0.51408, -0.491554, 0.49199, -0.00258868,0.0909966,-0.059581, 0.0312913, 0.0306715, 0.0324578, 0.0493043, 0.0447755, 0.0390192
-0.502098,-0.514124, -0.491889, 0.491549, -0.00362633,0.0898434,-0.0594273, 0.0312223, 0.0306212, 0.0323135, 0.0490876, 0.0445686, 0.0389635
-0.502138,-0.514175, -0.492217, 0.491125, -0.00429094,0.088692,-0.0592796, 0.0311402, 0.0305709, 0.0321665, 0.0489382, 0.0443599, 0.0389058
-0.50215,-0.514249, -0.492517, 0.490734, -0.00471328,0.0875631,-0.059123, 0.0310539, 0.0305256, 0.0320161, 0.0488652, 0.0441449, 0.0388515
-0.502282,-0.513907, -0.492647, 0.490827, -0.00730241,0.088384,-0.0598219, 0.0309286, 0.0304642, 0.0319555, 0.0481951, 0.044047, 0.038743
-0.502124,-0.514068, -0.492873, 0.490594, -0.00723887,0.0871924,-0.059847, 0.0308237, 0.0304243, 0.0318047, 0.0481517, 0.0438309, 0.0386941
-0.501923,-0.51423, -0.493064, 0.490437, -0.00676734,0.0860879,-0.0599577, 0.0306875, 0.030381, 0.0316511, 0.0481004, 0.0436128, 0.038641
-0.501772,-0.514336, -0.493249, 0.490295, -0.00617275,0.0851826,-0.0600752, 0.0305269, 0.0303351, 0.0314949, 0.0480429, 0.0433922, 0.0385845
-0.501787,-0.513988, -0.49335, 0.490543, -0.00797317,0.0860564,-0.0610341, 0.0303968, 0.0302693, 0.0314364, 0.0474945, 0.0433019, 0.0384711
-0.501635,-0.514085, -0.493521, 0.490425, -0.00750812,0.0852174,-0.0611841, 0.0302306, 0.0302258, 0.0312805, 0.0474497, 0.0430827, 0.038417
-0.501426,-0.514201, -0.493654, 0.490382, -0.00690206,0.0844089,-0.0614283, 0.0300591, 0.0301815, 0.0311232, 0.0474071, 0.0428628, 0.0383616
-0.50128,-0.514253, -0.493797, 0.490333, -0.00620627,0.0837697,-0.0616759, 0.0298747, 0.0301346, 0.0309626, 0.0473582, 0.0426405, 0.0383027
-0.501443,-0.513777, -0.493978, 0.490483, -0.0083751,0.0848092,-0.0626204, 0.0297342, 0.0300727, 0.0309018, 0.0469057, 0.0425475, 0.0381976
-0.501369,-0.513762, -0.494155, 0.490396, -0.00779368,0.0842841,-0.0628626, 0.0295433, 0.0300271, 0.0307397, 0.046864, 0.042324, 0.0381401
-0.501228,-0.513773, -0.494306, 0.490378, -0.0070043,0.0837427,-0.0632085, 0.0293436, 0.0299806, 0.0305741, 0.0468231, 0.0420964, 0.038081
-0.501089,-0.513745, -0.494452, 0.490401, -0.0059384,0.0833314,-0.0636336, 0.0291223, 0.0299299, 0.0304024, 0.0467692, 0.0418615, 0.0380169
-0.501151,-0.513363, -0.494512, 0.490677, -0.00665217,0.0843645,-0.0644868, 0.0289782, 0.0298665, 0.0303427, 0.046416, 0.0417714, 0.0379121
-0.501123,-0.513228, -0.494721, 0.490637, -0.00572758,0.0841219,-0.0649067, 0.0287495, 0.0298136, 0.0301688, 0.0463667, 0.0415342, 0.0378446
-0.501027,-0.513111, -0.494891, 0.490686, -0.00470409,0.0839148,-0.0654561, 0.0285242, 0.029761, 0.0299928, 0.0463206, 0.0412943, 0.037777
-0.500943,-0.512962, -0.495038, 0.490779, -0.00363499,0.0838683,-0.0660577, 0.028297, 0.0297061, 0.0298127, 0.0462727, 0.0410498, 0.0377062
-0.501121,-0.512458, -0.49524, 0.490919, -0.00471583,0.0848863,-0.0669757, 0.0281471, 0.0296505, 0.0297558, 0.0459894, 0.0409634, 0.0376157
-0.501179,-0.512224, -0.495442, 0.490901, -0.0039905,0.0849704,-0.0674407, 0.0279375, 0.0295973, 0.0295766, 0.045957, 0.0407216, 0.0375457
-0.5012,-0.512017, -0.4956, 0.490936, -0.00353526,0.0850776,-0.0679531, 0.0277619, 0.0295505, 0.0294002, 0.0459377, 0.0404842, 0.0374826
-0.501203,-0.511799, -0.495727, 0.491031, -0.00315963,0.0852857,-0.0685597, 0.0275974, 0.0295048, 0.0292215, 0.0459234, 0.0402446, 0.0374202
-0.501363,-0.511378, -0.495833, 0.4912, -0.00340094,0.0862968,-0.0692409, 0.0274377, 0.029457, 0.0291682, 0.0456903, 0.0401623, 0.0373445
-0.501473,-0.511082, -0.49603, 0.491197, -0.00307994,0.0865769,-0.0697694, 0.027274, 0.0294093, 0.0289883, 0.045678, 0.0399221, 0.0372787
-0.501619,-0.510795, -0.496215, 0.491159, -0.00293543,0.0868778,-0.070173, 0.0271353, 0.0293674, 0.0288111, 0.0456609, 0.0396858, 0.0372199
-0.501741,-0.510534, -0.496373, 0.491147, -0.00298952,0.0871715,-0.0705882, 0.0270202, 0.0293303, 0.0286371, 0.045629, 0.0394538, 0.0371675
-0.501899,-0.510079, -0.49647, 0.49136, -0.00313754,0.0883029,-0.0713444, 0.0268507, 0.0292885, 0.0285866, 0.0454172, 0.0393754, 0.0371059
-0.502024,-0.509822, -0.496642, 0.491325, -0.00333443,0.0885545,-0.0717406, 0.0267516, 0.0292539, 0.0284173, 0.0453624, 0.0391501, 0.0370564
-0.502149,-0.509567, -0.496816, 0.491286, -0.00350016,0.0888011,-0.072112, 0.0266727, 0.0292224, 0.0282522, 0.0452678, 0.0389304, 0.0370124
-0.502224,-0.509335, -0.497001, 0.491263, -0.00345214,0.0889607,-0.072518, 0.0266103, 0.0291913, 0.0280932, 0.0450977, 0.0387182, 0.0369721
-0.502395,-0.508895, -0.49714, 0.491403, -0.00362738,0.0899299,-0.0732169, 0.0264348, 0.0291479, 0.0280477, 0.044873, 0.0386483, 0.036919
-0.502366,-0.50873, -0.497322, 0.491419, -0.00357382,0.0899019,-0.07371, 0.0263792, 0.0291148, 0.0278959, 0.0445933, 0.0384452, 0.036879
-0.502256,-0.5086, -0.497485, 0.491501, -0.00351681,0.0898155,-0.0743168, 0.026326, 0.0290764, 0.0277481, 0.044223, 0.0382464, 0.0368365
-0.501988,-0.508478, -0.497739, 0.491645, -0.00229201,0.0894744,-0.0752092, 0.0262638, 0.0290284, 0.0276044, 0.0437377, 0.0380515, 0.0367871
-0.502234,-0.508092, -0.49796, 0.491568, -0.00287258,0.0900748,-0.0756293, 0.0260808, 0.0289457, 0.0275588, 0.0434635, 0.0379828, 0.0366998
-0.501725,-0.508055, -0.49828, 0.491802, -0.000622131,0.0893303,-0.0768449, 0.0259844, 0.028886, 0.0274193, 0.0427867, 0.0377915, 0.0366405
-0.500979,-0.508098, -0.498603, 0.49219, 0.00215958,0.0883381,-0.0784285, 0.0258338, 0.0288067, 0.0272797, 0.0419208, 0.0375973, 0.0365625
-0.500129,-0.508184, -0.498915, 0.49265, 0.00504929,0.0872468,-0.0801698, 0.0256288, 0.0287099, 0.0271387, 0.040941, 0.0373989, 0.036466
-0.499981,-0.507629, -0.499138, 0.493146, 0.00605033,0.0882226,-0.0818826, 0.0254495, 0.0285441, 0.0270897, 0.040641, 0.0373276, 0.036288
-0.499145,-0.507787, -0.499415, 0.49355, 0.00846179,0.0870128,-0.0834428, 0.0252169, 0.0284568, 0.0269407, 0.0396881, 0.037116, 0.0361967
-0.498245,-0.507944, -0.499719, 0.493989, 0.0112168,0.0857204,-0.0851414, 0.0249629, 0.0283615, 0.0267937, 0.0387606, 0.0369052, 0.0360953
-0.497309,-0.508094, -0.500047, 0.494446, 0.0144117,0.0843825,-0.0869202, 0.0246747, 0.0282582, 0.0266499, 0.0378288, 0.0366961, 0.0359844
-0.497033,-0.507764, -0.500309, 0.494798, 0.0151193,0.0846252,-0.088425, 0.02451, 0.0280154, 0.0266046, 0.0375669, 0.0366312, 0.0357147
-0.496398,-0.507881, -0.500507, 0.495114, 0.0166795,0.0837259,-0.0896316, 0.0242218, 0.0279317, 0.0264594, 0.0367294, 0.036418, 0.0356212
-0.496012,-0.507885, -0.500645, 0.495358, 0.0172731,0.0833037,-0.0905627, 0.0239828, 0.0278531, 0.0263196, 0.0360624, 0.0362076, 0.0355311
-0.495467,-0.507962, -0.500835, 0.495633, 0.0183759,0.0824993,-0.0916595, 0.0237848, 0.0277812, 0.0261842, 0.0355295, 0.0359975, 0.0354468
-0.495205,-0.507684, -0.501101, 0.49591, 0.0189313,0.0825855,-0.0930073, 0.0236524, 0.0275441, 0.0261406, 0.0353511, 0.0359358, 0.0351774
-0.494595,-0.507852, -0.501283, 0.496163, 0.0200443,0.0815226,-0.0940276, 0.023466, 0.0274885, 0.0260099, 0.034873, 0.0357296, 0.0351103
-0.49417,-0.50792, -0.501422, 0.496376, 0.0206824,0.0808775,-0.0948664, 0.0232845, 0.0274328, 0.0258865, 0.0344442, 0.0355303, 0.035043
-0.493623,-0.508065, -0.501568, 0.496624, 0.0212772,0.0799571,-0.0958114, 0.0231144, 0.0273789, 0.0257704, 0.0340726, 0.0353385, 0.0349772
-0.493188,-0.507737, -0.501848, 0.497109, 0.022285,0.0801309,-0.0976853, 0.0230144, 0.0271436, 0.0257289, 0.0339298, 0.0352805, 0.0347056
-0.492665,-0.507919, -0.501969, 0.497319, 0.0226333,0.0791711,-0.0984906, 0.0228613, 0.0271033, 0.0256222, 0.0336045, 0.0351024, 0.0346549
-0.492324,-0.507987, -0.502068, 0.497487, 0.0227447,0.078628,-0.0991533, 0.0227218, 0.0270625, 0.0255258, 0.0333321, 0.0349395, 0.0346035
-0.49199,-0.508051, -0.502165, 0.497656, 0.0228025,0.0780994,-0.0998061, 0.0225961, 0.0270236, 0.0254366, 0.0331066, 0.0347859, 0.0345536
-0.491521,-0.507701, -0.502445, 0.498192, 0.0239942,0.0783455,-0.101802, 0.0225269, 0.0268219, 0.0254055, 0.0329859, 0.0347422, 0.0343196
-0.491163,-0.507823, -0.502521, 0.498344, 0.0239703,0.077687,-0.102359, 0.0224154, 0.0267947, 0.0253236, 0.0327847, 0.034599, 0.0342833
-0.490763,-0.507968, -0.5026, 0.498511, 0.0237743,0.0769408,-0.102973, 0.0223066, 0.026767, 0.0252505, 0.0326038, 0.0344703, 0.0342468
-0.490351,-0.508115, -0.502681, 0.498685, 0.0234917,0.0761764,-0.103624, 0.022207, 0.0267382, 0.0251865, 0.0324507, 0.0343573, 0.0342093
-0.489986,-0.507786, -0.502961, 0.499097, 0.0244331,0.0763723,-0.105331, 0.0221611, 0.0265546, 0.0251609, 0.0323354, 0.0343204, 0.0339954
-0.489591,-0.507954, -0.50303, 0.499244, 0.0240934,0.0755827,-0.105887, 0.0220789, 0.0265324, 0.0251058, 0.0322086, 0.0342229, 0.033966
-0.489182,-0.508117, -0.503105, 0.499403, 0.0237562,0.0747855,-0.106496, 0.0220081, 0.0265079, 0.0250591, 0.0321099, 0.0341409, 0.0339341
