0.999956,0.00571435, 0.00648906, 0.00350297, 0,0,0, 0.1, 0.1, 0.1, 0.5, 0.5, 0.5
0.999956,0.00571435, 0.00648906, 0.00350297, 0,0,0, 0.1, 0.1, 0.1, 0.5, 0.5, 0.5
0.999956,0.00571435, 0.00648906, 0.00350297, 0,0,0, 0.1, 0.1, 0.1, 0.5, 0.5, 0.5
0.999956,0.00571435, 0.00648906, 0.00350297, 0,0,0, 0.1, 0.1, 0.1, 0.5, 0.5, 0.5
0.999956,0.00571435, 0.00648906, 0.00350297, 0,0,0, 0.1, 0.1, 0.1, 0.5, 0.5, 0.5
0.999956,0.00571999, 0.00648082, 0.00351247, 0.00228441,0.000458306,-0.00204973, 0.0999609, 0.0999963, 0.0999641, 0.497422, 0.49989, 0.497585
0.999956,0.00571996, 0.0064816, 0.00351245, 0.00239989,0.00044352,-0.00197513, 0.0999609, 0.0999963, 0.0999641, 0.497421, 0.49989, 0.497574
0.999956,0.00571976, 0.00648291, 0.00351296, 0.00270511,0.000427056,-0.00188416, 0.0999609, 0.0999963, 0.0999641, 0.497419, 0.499889, 0.497564
0.999956,0.0057196, 0.00648385, 0.0035131, 0.00283171,0.000407884,-0.00178847, 0.0999609, 0.0999963, 0.0999641, 0.497416, 0.499889, 0.497554
0.999957,0.00573713, 0.00646191, 0.00346894, 0.00175046,0.000798503,-0.00206297, 0.0999397, 0.0999774, 0.0999586, 0.496437, 0.499492, 0.496992
0.999957,0.0057365, 0.00646553, 0.00347079, 0.00184262,0.000715111,-0.00187671, 0.0999396, 0.0999773, 0.0999586, 0.496432, 0.499489, 0.496974
0.999957,0.00573564, 0.00646971, 0.0034735, 0.00205576,0.000629395,-0.0017006, 0.0999396, 0.0999772, 0.0999586, 0.496428, 0.499486, 0.496958
0.999957,0.00573529, 0.00647287, 0.00347463, 0.00220156,0.000564762,-0.00156603, 0.0999396, 0.0999771, 0.0999586, 0.496423, 0.499483, 0.496945
0.999958,0.005754, 0.00633617, 0.00338319, 0.00229592,0.0013616,-0.00366878, 0.0998626, 0.0998978, 0.0999521, 0.495277, 0.499338, 0.495972
0.999958,0.00575349, 0.0063447, 0.00338599, 0.00254981,0.0012669,-0.00348735, 0.0998623, 0.099897, 0.0999521, 0.495267, 0.499333, 0.495944
0.999958,0.00575313, 0.0063523, 0.00338804, 0.00281978,0.00118454,-0.00333805, 0.0998622, 0.0998963, 0.0999521, 0.495257, 0.499328, 0.49592
0.999957,0.00575281, 0.00635915, 0.00338969, 0.00307371,0.00110911,-0.00320026, 0.0998622, 0.0998956, 0.0999521, 0.495245, 0.499324, 0.495899
0.999961,0.00578859, 0.00595967, 0.00312346, 0.00318461,0.00143091,-0.00462725, 0.0996438, 0.0996747, 0.0999271, 0.495198, 0.498786, 0.495438
0.999961,0.00578855, 0.00597374, 0.00312659, 0.00342458,0.00140126,-0.00447601, 0.0996433, 0.0996717, 0.0999271, 0.495186, 0.498783, 0.495423
0.99996,0.00578916, 0.00598546, 0.00312622, 0.00356483,0.00136298,-0.00436711, 0.0996428, 0.0996693, 0.0999271, 0.495175, 0.498782, 0.495413
0.99996,0.00578913, 0.00599406, 0.00312765, 0.00370478,0.00134208,-0.00429242, 0.0996423, 0.0996673, 0.099927, 0.495165, 0.49878, 0.495407
0.999965,0.00586033, 0.00543002, 0.00261747, 0.00459025,0.00154374,-0.00276155, 0.0992208, 0.0992502, 0.0998888, 0.492622, 0.496917, 0.491566
0.999965,0.00586209, 0.00544242, 0.00261177, 0.00462703,0.00153274,-0.00281996, 0.0992189, 0.0992445, 0.0998887, 0.492619, 0.496916, 0.49156
0.999965,0.00586415, 0.00545449, 0.00260449, 0.00465736,0.00152765,-0.00289912, 0.0992175, 0.0992398, 0.0998886, 0.492616, 0.496915, 0.491555
0.999964,0.00586646, 0.00546731, 0.00259606, 0.00465624,0.00148547,-0.00299286, 0.0992165, 0.0992359, 0.0998886, 0.492614, 0.496913, 0.49155
0.999973,0.0068881, 0.00162072, 0.00187333, -0.0268843,0.00306735,-0.00791732, 0.098351, 0.0960198, 0.0970589, 0.299535, 0.494376, 0.472709
0.999974,0.0068661, 0.00142758, 0.00187664, -0.0290779,0.00290511,-0.00921806, 0.098341, 0.0958756, 0.0969021, 0.295983, 0.494371, 0.472505
0.999974,0.00682039, 0.00124105, 0.00188492, -0.0321334,0.00270629,-0.0107414, 0.0983257, 0.0957466, 0.0967696, 0.293501, 0.494366, 0.472344
0.999975,0.00675031, 0.00104514, 0.00190628, -0.0358493,0.00243737,-0.0123744, 0.0982991, 0.0956291, 0.0966457, 0.292141, 0.494361, 0.472203
0.999976,0.00667049, 0.00120881, 0.00148325, -0.037549,0.00972305,-0.0169464, 0.0978062, 0.0954567, 0.0965845, 0.283111, 0.486059, 0.414337
0.999977,0.00657414, 0.00102559, 0.0015042, -0.0403249,0.00888508,-0.0175756, 0.0977357, 0.0953599, 0.0964671, 0.282638, 0.486025, 0.414086
0.999978,0.0064289, 0.000841199, 0.00158342, -0.0416446,0.00793844,-0.0173471, 0.0976287, 0.0952685, 0.0963657, 0.282429, 0.485995, 0.413659
0.999979,0.00625628, 0.000635522, 0.00169117, -0.041052,0.00694761,-0.0163763, 0.0974932, 0.0951818, 0.0962789, 0.281914, 0.485968, 0.413039
0.999982,0.00589432, 0.000233853, 0.00124307, -0.0443169,0.014852,-0.0120669, 0.097005, 0.0950881, 0.0962558, 0.278784, 0.482309, 0.407596
0.999983,0.00570345, -3.59097e-05, 0.00137129, -0.0406237,0.0133963,-0.0100792, 0.0967621, 0.0949873, 0.0961758, 0.277205, 0.482262, 0.406392
0.999984,0.00548084, -0.000222608, 0.00153305, -0.0358931,0.0121357,-0.00825164, 0.0965487, 0.094885, 0.0961248, 0.27434, 0.482215, 0.404808
0.999985,0.00525082, -0.000293073, 0.00172065, -0.0320099,0.0112352,-0.00743329, 0.0963873, 0.0947824, 0.0960847, 0.270698, 0.482166, 0.403064
0.999985,0.00524728, -0.000463512, 0.00155567, -0.0349631,0.0185832,-0.00433377, 0.0958733, 0.0946884, 0.0960563, 0.268988, 0.47749, 0.402286
0.999986,0.00499203, -0.000450981, 0.00182856, -0.0300248,0.0173211,-0.0031785, 0.0956838, 0.0945779, 0.0960187, 0.264439, 0.477452, 0.400288
0.999986,0.00481978, -0.000270153, 0.00210774, -0.0264036,0.0165686,-0.00332244, 0.09556, 0.0944907, 0.0959859, 0.258604, 0.477421, 0.397875
0.999986,0.00477312, 3.19759e-06, 0.00231692, -0.0265035,0.0164609,-0.00642708, 0.0954791, 0.0944215, 0.0959529, 0.252024, 0.477393, 0.395377
0.999987,0.00470272, -4.25129e-05, 0.00216055, -0.0288107,0.0236364,-0.00700478, 0.0949267, 0.0943005, 0.0959158, 0.251395, 0.475682, 0.393673
0.999986,0.00471019, 0.000325461, 0.00237404, -0.0316303,0.0233497,-0.0113864, 0.0948269, 0.0942094, 0.0958754, 0.245403, 0.475618, 0.391688
0.999985,0.00476877, 0.00074925, 0.0025555, -0.0350858,0.0234154,-0.0163159, 0.0947521, 0.0941138, 0.0958321, 0.240261, 0.475549, 0.389951
0.999984,0.00483705, 0.00124892, 0.00273367, -0.0391248,0.0238249,-0.0215525, 0.094687, 0.0940014, 0.0957899, 0.235916, 0.475479, 0.388561
0.999981,0.00490535, 0.0013745, 0.00334767, -0.0364253,0.0174391,-0.0271435, 0.0941649, 0.0938576, 0.0957711, 0.233908, 0.472102, 0.38654
0.99998,0.00491406, 0.00196475, 0.00354584, -0.0405161,0.0179945,-0.0315308, 0.0940658, 0.0936825, 0.0957093, 0.230202, 0.472002, 0.385726
0.999979,0.00478676, 0.00220418, 0.00374293, -0.0410176,0.0178743,-0.0342567, 0.0939625, 0.0934429, 0.0956508, 0.226795, 0.471927, 0.385049
0.999979,0.00463322, 0.00201373, 0.00400367, -0.0390111,0.0178721,-0.0377404, 0.0938477, 0.0930869, 0.095574, 0.221492, 0.47188, 0.383977
0.999979,0.0046725, 0.00212509, 0.00397121, -0.0376602,0.0147195,-0.0411609, 0.09321, 0.0929351, 0.0955481, 0.219092, 0.467593, 0.382946
0.999979,0.00447591, 0.00182713, 0.00430655, -0.0374271,0.014532,-0.0460767, 0.0930717, 0.0924999, 0.0954255, 0.212481, 0.467565, 0.381568
0.999979,0.00442938, 0.00147153, 0.00453153, -0.0355695,0.0144939,-0.0499292, 0.0929677, 0.0921174, 0.0953184, 0.207099, 0.467544, 0.380385
0.999978,0.00448952, 0.00123653, 0.00465851, -0.0335272,0.0144971,-0.0523855, 0.0928952, 0.0918622, 0.0952421, 0.202972, 0.467531, 0.379595
0.999976,0.00427746, 0.000991619, 0.00527518, -0.0238237,-0.0038527,-0.0603459, 0.0925782, 0.0917131, 0.0952039, 0.199566, 0.460184, 0.378112
0.999976,0.00430906, 0.000925482, 0.00537992, -0.0232843,-0.00390877,-0.0616155, 0.0925167, 0.091568, 0.0951557, 0.196587, 0.460144, 0.377731
0.999975,0.00434207, 0.000973592, 0.00546755, -0.0238727,-0.00363402,-0.0624658, 0.09247, 0.091477, 0.0951269, 0.194581, 0.46006, 0.377585
0.999974,0.00437724, 0.00108074, 0.00555403, -0.0253417,-0.00269307,-0.0629471, 0.0924305, 0.0914024, 0.095103, 0.19325, 0.459906, 0.377546
0.999978,0.00412909, 0.000852431, 0.0050512, -0.0206048,-0.00960109,-0.0695293, 0.0921605, 0.0912465, 0.095074, 0.190303, 0.456387, 0.376407
0.999978,0.00415716, 0.00110486, 0.00514297, -0.0235642,-0.00655849,-0.0691374, 0.0921188, 0.0911694, 0.0950586, 0.189531, 0.456015, 0.376394
0.999977,0.00420789, 0.00146232, 0.00519142, -0.0252538,-0.00279689,-0.0674854, 0.0920732, 0.0910739, 0.0950511, 0.189255, 0.455496, 0.37631
0.999976,0.00421968, 0.00180738, 0.00522569, -0.0259684,0.000488784,-0.0653414, 0.0920215, 0.0909701, 0.0950476, 0.189102, 0.454966, 0.376101
0.999978,0.00395012, 0.00143077, 0.00506847, -0.0228321,-0.00525629,-0.0630262, 0.091819, 0.090809, 0.0950166, 0.188449, 0.453798, 0.374681
0.999978,0.00391995, 0.00174439, 0.00512088, -0.0227207,-0.002179,-0.060975, 0.0917552, 0.0906842, 0.0950126, 0.188315, 0.453128, 0.374419
0.999977,0.00387138, 0.00189454, 0.00519169, -0.022453,-0.000823795,-0.0596381, 0.0916828, 0.0905463, 0.0950009, 0.188035, 0.452422, 0.37403
0.999977,0.00383533, 0.00198421, 0.00528133, -0.0221994,-0.0003757,-0.058551, 0.0916056, 0.0904202, 0.0949803, 0.187694, 0.451634, 0.373624
0.999972,0.00347424, 0.00154135, 0.00650368, -0.023036,-0.0119624,-0.0410698, 0.0911918, 0.0902288, 0.0949381, 0.187348, 0.449232, 0.368047
0.999971,0.00346033, 0.00160458, 0.0065872, -0.0227214,-0.0118734,-0.0397994, 0.0911047, 0.090064, 0.0948858, 0.186824, 0.447852, 0.367529
0.99997,0.00342504, 0.0015432, 0.00671739, -0.0226865,-0.0123007,-0.0393988, 0.0910164, 0.0898416, 0.0947803, 0.186313, 0.446047, 0.366714
0.999969,0.00373843, 0.00143727, 0.00682106, -0.0209486,-0.00666049,-0.039644, 0.0909237, 0.0894775, 0.0945626, 0.185681, 0.443452, 0.365309
0.999977,0.00332381, 0.00103545, 0.00581081, -0.0191453,-0.0276744,-0.0399145, 0.0905879, 0.0892682, 0.0945, 0.185183, 0.437695, 0.365102
0.999974,0.00413358, 0.000764382, 0.0058935, -0.0154769,-0.014507,-0.0421123, 0.0904772, 0.0886332, 0.094052, 0.183968, 0.433046, 0.362679
0.999965,0.00605087, 0.000653397, 0.00577083, -0.00640646,0.00985494,-0.0441025, 0.0903599, 0.0877219, 0.0933707, 0.181815, 0.427387, 0.359308
0.99995,0.00822706, 0.00069625, 0.00557584, 0.00487923,0.0321619,-0.0453344, 0.0902476, 0.0866973, 0.0926026, 0.178658, 0.422706, 0.35583
0.999961,0.00805488, 0.000741693, 0.003584, 0.00747297,-0.0264202,-0.053559, 0.0893041, 0.0862452, 0.0923292, 0.176652, 0.401104, 0.348435
0.999949,0.00946846, 0.000696077, 0.00354535, 0.0142294,-0.0158246,-0.0537682, 0.0892005, 0.0853403, 0.0916669, 0.173874, 0.398553, 0.345981
0.999939,0.0104319, 0.000553075, 0.00355056, 0.0182189,-0.0103857,-0.0538996, 0.0891226, 0.0846667, 0.0912346, 0.172176, 0.397296, 0.344273
0.999932,0.0111056, 0.000176827, 0.0036287, 0.0201874,-0.00792034,-0.0548823, 0.0890616, 0.0841721, 0.090949, 0.171163, 0.396593, 0.34312
0.999924,0.0113714, 8.82292e-05, 0.00475224, 0.0278605,-0.118417,-0.0807289, 0.0883391, 0.0832258, 0.0902887, 0.163581, 0.329582, 0.309015
0.999917,0.0119, -0.00030583, 0.0048435, 0.0292939,-0.117174,-0.0816146, 0.0882825, 0.0828557, 0.0900749, 0.162915, 0.329297, 0.308313
0.999911,0.0123623, -0.000704916, 0.00493919, 0.0304133,-0.116406,-0.0824424, 0.088234, 0.0825799, 0.0899091, 0.162495, 0.329082, 0.307833
0.999905,0.0128128, -0.00104513, 0.00500448, 0.032053,-0.115738,-0.0830207, 0.0881884, 0.0823677, 0.0897664, 0.162098, 0.328882, 0.307497
0.999899,0.0131435, -0.000957039, 0.00531722, 0.032004,-0.182052,-0.0895354, 0.0873165, 0.081065, 0.088956, 0.150868, 0.248647, 0.254415
0.999894,0.0134937, -0.00118688, 0.00539425, 0.0337969,-0.181757,-0.0897768, 0.0872692, 0.0808947, 0.0888281, 0.150219, 0.248578, 0.254189
0.999889,0.0137498, -0.00137955, 0.00552578, 0.034429,-0.181633,-0.0895596, 0.0872212, 0.0807353, 0.0886929, 0.14948, 0.24852, 0.254017
0.999885,0.0139512, -0.00156576, 0.00567186, 0.0343755,-0.181572,-0.0892615, 0.0871748, 0.0805828, 0.0885376, 0.148877, 0.248472, 0.25388
0.999877,0.0139894, -0.0019374, 0.00687538, 0.0348491,-0.203944,-0.0903569, 0.0861844, 0.079284, 0.0877709, 0.138886, 0.184409, 0.204539
0.999872,0.0142046, -0.00208249, 0.00700931, 0.0347895,-0.204007,-0.0901012, 0.0861404, 0.0791329, 0.0875913, 0.138357, 0.184372, 0.204422
0.999868,0.0143932, -0.0022572, 0.00716535, 0.0341767,-0.204183,-0.090076, 0.0860984, 0.0789697, 0.0873897, 0.137957, 0.184339, 0.204303
0.999864,0.0146093, -0.00243609, 0.00730283, 0.0338189,-0.204333,-0.0900912, 0.0860599, 0.0788056, 0.087161, 0.137709, 0.18431, 0.204183
0.999839,0.0142951, -0.00289783, 0.0104176, 0.0357429,-0.211202,-0.0914028, 0.0846182, 0.0775977, 0.0864223, 0.131295, 0.140452, 0.167784
0.999834,0.0145612, -0.00310064, 0.0105387, 0.0353911,-0.211441,-0.0917016, 0.0845828, 0.077428, 0.0861604, 0.131026, 0.140397, 0.167609
0.999828,0.014788, -0.00331419, 0.0106626, 0.0349014,-0.21168,-0.0921991, 0.084549, 0.0772429, 0.0858794, 0.130773, 0.140343, 0.167374
0.999823,0.0150258, -0.00349088, 0.0107453, 0.0347708,-0.211816,-0.0923269, 0.084516, 0.0770307, 0.0855838, 0.130484, 0.140291, 0.167041
0.999838,0.0145917, -0.0040416, 0.00977194, 0.0337966,-0.207364,-0.0872867, 0.082668, 0.0760155, 0.0848994, 0.126493, 0.111376, 0.142602
0.999832,0.0148356, -0.00428277, 0.0098567, 0.0334395,-0.207486,-0.0880048, 0.0826367, 0.0757373, 0.0845871, 0.12604, 0.111302, 0.142014
0.999825,0.0150858, -0.00473015, 0.00998986, 0.0321103,-0.20764,-0.0904824, 0.0826078, 0.075427, 0.084255, 0.125603, 0.111228, 0.141287
0.999817,0.0154109, -0.00510304, 0.0100738, 0.0316641,-0.207766,-0.0923868, 0.0825837, 0.0750966, 0.0838866, 0.125226, 0.111154, 0.140426
0.999846,0.0151898, -0.00520194, 0.00702958, 0.0296775,-0.200873,-0.0879557, 0.0796956, 0.0742083, 0.0830097, 0.122674, 0.0907193, 0.123029
0.99984,0.015498, -0.00554594, 0.00705185, 0.0297962,-0.200809,-0.0896105, 0.0796733, 0.0737943, 0.0826083, 0.122113, 0.0906281, 0.121852
0.999831,0.0158468, -0.00606699, 0.00706623, 0.029214,-0.200683,-0.0925525, 0.0796484, 0.0733149, 0.0821918, 0.121333, 0.0905358, 0.120499
0.99982,0.0162677, -0.00666653, 0.00706933, 0.0285027,-0.200586,-0.0958055, 0.0796241, 0.0728212, 0.0817483, 0.120574, 0.0904442, 0.119059
0.999827,0.0163527, -0.0066561, 0.00583165, 0.0272329,-0.196713,-0.0933496, 0.0772626, 0.0720386, 0.0808995, 0.118795, 0.0758111, 0.105981
0.999817,0.0167517, -0.00724158, 0.00577236, 0.0269659,-0.196342,-0.0965318, 0.0772326, 0.0715013, 0.0804286, 0.11803, 0.0756972, 0.104296
0.999805,0.0171814, -0.00791102, 0.00570374, 0.0265165,-0.195916,-0.100158, 0.0772006, 0.0709557, 0.0799383, 0.117243, 0.0755835, 0.102573
0.999793,0.0176075, -0.00852098, 0.00567449, 0.0257703,-0.195637,-0.103057, 0.0771681, 0.0704073, 0.0794349, 0.116517, 0.0754735, 0.100857
0.999785,0.0173547, -0.00884558, 0.00709637, 0.0264767,-0.192616,-0.100487, 0.0746382, 0.0696162, 0.0787199, 0.11518, 0.0652185, 0.0910317
0.99977,0.0178248, -0.00964729, 0.00702017, 0.0252676,-0.191947,-0.104527, 0.0745978, 0.0690483, 0.0782071, 0.114597, 0.0650713, 0.0892033
0.999752,0.0183662, -0.0104682, 0.00694288, 0.0244464,-0.191241,-0.10865, 0.0745648, 0.0685099, 0.0776609, 0.114175, 0.0649316, 0.0874839
0.999735,0.0189253, -0.0111708, 0.0068842, 0.0240807,-0.190659,-0.112161, 0.0745394, 0.0680006, 0.0770847, 0.113893, 0.0648008, 0.0858923
0.999757,0.0183047, -0.012223, 0.00156422, 0.0215139,-0.18605,-0.108755, 0.0717545, 0.0673597, 0.076629, 0.112876, 0.0575539, 0.0785939
0.99974,0.0188338, -0.0127926, 0.00149466, 0.0218009,-0.185428,-0.111374, 0.0717304, 0.0668628, 0.076025, 0.112592, 0.0573783, 0.0769823
0.999724,0.0192996, -0.0133226, 0.00143074, 0.0223503,-0.184779,-0.113935, 0.071712, 0.0663845, 0.0754229, 0.112367, 0.0572184, 0.0755406
0.999711,0.0196901, -0.013756, 0.00139363, 0.0229461,-0.184302,-0.115826, 0.0716975, 0.0659335, 0.0748216, 0.112151, 0.0570734, 0.0742711
0.99971,0.0195106, -0.0140745, 0.00119512, 0.0222149,-0.182294,-0.113066, 0.0691041, 0.0653425, 0.0745834, 0.111317, 0.0518636, 0.0683134
0.999698,0.0198425, -0.0144749, 0.00115661, 0.0228332,-0.181704,-0.114843, 0.0690916, 0.0649077, 0.0739869, 0.111139, 0.0516741, 0.0670881
0.999687,0.0201389, -0.0148276, 0.00112735, 0.0234998,-0.181191,-0.116412, 0.0690809, 0.0645028, 0.0733897, 0.110938, 0.0515041, 0.0660253
0.999683,0.0202478, -0.0149518, 0.00112539, 0.0237459,-0.180956,-0.116914, 0.0690707, 0.0641042, 0.0728097, 0.110785, 0.0513542, 0.0650972
-0.999681,-0.0200612, 0.0153737, 0.000192779, 0.0225931,-0.178774,-0.113785, 0.0666181, 0.0636627, 0.0726396, 0.110137, 0.0474197, 0.0604025
-0.999674,-0.0202163, 0.0156082, 0.000176854, 0.0227923,-0.178389,-0.114688, 0.0666071, 0.0632555, 0.0720863, 0.110054, 0.0472351, 0.0595056
-0.999665,-0.0203756, 0.0159807, 0.000138306, 0.0232143,-0.177741,-0.116166, 0.0665951, 0.0628686, 0.0715426, 0.109954, 0.0470707, 0.0587217
-0.999661,-0.0204376, 0.0161539, 0.000102804, 0.0237566,-0.177323,-0.116985, 0.0665838, 0.0625229, 0.0709937, 0.109786, 0.046922, 0.0580384
-0.999651,-0.0198967, 0.0170351, 0.00345827, 0.0208277,-0.175445,-0.113681, 0.0648529, 0.0622488, 0.0709055, 0.109285, 0.0439571, 0.054399
-0.99965,-0.0198638, 0.0171059, 0.00342152, 0.0213545,-0.17513,-0.114101, 0.0648396, 0.061908, 0.0703733, 0.109071, 0.0437803, 0.0537509
-0.999647,-0.0198778, 0.0172985, 0.00334168, 0.0220601,-0.174652,-0.114825, 0.0648197, 0.0615856, 0.0698543, 0.108746, 0.0436216, 0.0531788
-0.999648,-0.0198092, 0.0173162, 0.00330872, 0.0224317,-0.174491,-0.115009, 0.0647954, 0.0612901, 0.0693381, 0.108302, 0.0434753, 0.0526673
-0.999648,-0.0198455, 0.0172086, 0.0036023, 0.021067,-0.173748,-0.112944, 0.0632159, 0.0610998, 0.0692207, 0.107894, 0.0412274, 0.0499613
-0.999651,-0.0197387, 0.0172185, 0.00356222, 0.0213254,-0.173567,-0.113108, 0.0631849, 0.060791, 0.068737, 0.107407, 0.0410567, 0.049458
-0.999652,-0.0196478, 0.0172795, 0.00349954, 0.0213882,-0.173321,-0.113475, 0.0631486, 0.0604993, 0.0682593, 0.1069, 0.0408977, 0.0489965
-0.999655,-0.0195311, 0.0172315, 0.00349089, 0.0213024,-0.173277,-0.113508, 0.0631081, 0.0602207, 0.0677846, 0.106433, 0.040747, 0.0485642
-0.999653,-0.019269, 0.0174385, 0.00420647, 0.0202173,-0.172816,-0.112604, 0.062139, 0.0600663, 0.0676379, 0.106097, 0.0390324, 0.0466482
-0.999656,-0.0192081, 0.0173596, 0.00423028, 0.0200037,-0.172848,-0.11256, 0.0620941, 0.0597775, 0.0671998, 0.105685, 0.0388629, 0.0462155
-0.99966,-0.0190574, 0.0173131, 0.00422698, 0.0197713,-0.172795,-0.112608, 0.0620346, 0.0594813, 0.0667743, 0.10533, 0.0387062, 0.045807
-0.999663,-0.0189438, 0.0172283, 0.00423106, 0.019724,-0.172803,-0.112544, 0.0619685, 0.0591958, 0.0663516, 0.105022, 0.0385589, 0.0454223
-0.999662,-0.0184894, 0.0176602, 0.00472357, 0.0188943,-0.172784,-0.112169, 0.0614642, 0.0590231, 0.0661672, 0.104769, 0.0372171, 0.0441921
-0.999668,-0.0184595, 0.0172767, 0.00486565, 0.0193757,-0.173207,-0.111585, 0.0613764, 0.0587098, 0.0658032, 0.104397, 0.0370721, 0.0438114
-0.999671,-0.0184063, 0.0171488, 0.00493017, 0.0191982,-0.173283,-0.111493, 0.061242, 0.0583589, 0.0654532, 0.103884, 0.0369446, 0.0434446
-0.999674,-0.0184618, 0.0169031, 0.0050662, 0.0193615,-0.173479,-0.111317, 0.0610971, 0.0580112, 0.065113, 0.103403, 0.0368289, 0.0430985
-0.999668,-0.0186825, 0.0168001, 0.00577774, 0.0190091,-0.173923,-0.111117, 0.0606909, 0.0577523, 0.0647317, 0.103274, 0.0357254, 0.0423684
-0.99967,-0.0187987, 0.0164589, 0.00596688, 0.0197271,-0.174188,-0.110891, 0.0605282, 0.0574172, 0.064447, 0.102659, 0.0356285, 0.042045
-0.999671,-0.0187084, 0.0164812, 0.00600754, 0.0187938,-0.174108,-0.110996, 0.0603551, 0.0570716, 0.0641713, 0.101923, 0.0355439, 0.0417427
-0.999672,-0.018667, 0.0164758, 0.00605145, 0.0182962,-0.174087,-0.110987, 0.0602243, 0.0567674, 0.063916, 0.101405, 0.0354644, 0.0414657
-0.99966,-0.0194253, 0.0161984, 0.00627225, 0.0173715,-0.175626,-0.110357, 0.0600563, 0.0564795, 0.0634381, 0.101321, 0.0345561, 0.0410217
-0.999662,-0.0193617, 0.016193, 0.00624878, 0.0170222,-0.175663,-0.110176, 0.0599444, 0.0562401, 0.0632338, 0.100768, 0.0344929, 0.0407809
-0.999662,-0.0191942, 0.016413, 0.00615173, 0.0157519,-0.17556,-0.110061, 0.0598564, 0.056021, 0.0630494, 0.100301, 0.034435, 0.040555
-0.999662,-0.0191751, 0.0164281, 0.00614963, 0.0155535,-0.175599,-0.109933, 0.0597997, 0.0558318, 0.0628827, 0.0999974, 0.0343788, 0.0403401
-0.999653,-0.0196814, 0.0164451, 0.00608139, 0.0139991,-0.177115,-0.10955, 0.0597346, 0.0554835, 0.062372, 0.0997216, 0.0336526, 0.0400505
-0.999653,-0.0197011, 0.0164152, 0.00609079, 0.0139665,-0.177186,-0.10942, 0.0596845, 0.0553227, 0.0622471, 0.0992615, 0.0336092, 0.0398633
-0.999651,-0.0196334, 0.0166356, 0.00602389, 0.0129506,-0.177174,-0.109191, 0.0596456, 0.0551651, 0.0621279, 0.0987905, 0.0335657, 0.0396765
-0.999649,-0.0196035, 0.016774, 0.00599252, 0.0125084,-0.177213,-0.10895, 0.0596254, 0.0550217, 0.0620104, 0.0984291, 0.0335205, 0.0394883
-0.999628,-0.0206109, 0.016734, 0.00624964, 0.00831436,-0.179149,-0.10811, 0.0595769, 0.0545801, 0.0614567, 0.0978104, 0.0329536, 0.0392719
-0.999626,-0.020586, 0.0168718, 0.0062049, 0.00766957,-0.179167,-0.107912, 0.0595638, 0.0544711, 0.0613591, 0.0974011, 0.0329169, 0.0391081
-0.999622,-0.0205529, 0.0172047, 0.00611356, 0.00683213,-0.179195,-0.107474, 0.0595553, 0.0543532, 0.0612608, 0.0971362, 0.0328776, 0.0389269
-0.999618,-0.0205033, 0.0175064, 0.00604582, 0.00662026,-0.179218,-0.107033, 0.0595436, 0.0542267, 0.061155, 0.096946, 0.0328343, 0.038725
-0.999595,-0.0215278, 0.0175336, 0.00622303, 0.00207372,-0.181065,-0.106339, 0.0593921, 0.0536225, 0.0604261, 0.096026, 0.0324064, 0.0384795
-0.999589,-0.0215483, 0.0178888, 0.00614583, 0.00270887,-0.181041,-0.105756, 0.0593668, 0.0535185, 0.0603169, 0.095763, 0.0323671, 0.0382863
-0.999587,-0.0215315, 0.0180178, 0.00614009, 0.00313725,-0.181039,-0.105505, 0.05932, 0.0533993, 0.060198, 0.0953286, 0.0323207, 0.038069
-0.999586,-0.0215319, 0.018078, 0.00614121, 0.00324005,-0.18106,-0.10539, 0.059275, 0.0532562, 0.0600909, 0.0949184, 0.0322702, 0.037837
-0.999553,-0.0229252, 0.0179874, 0.00665953, -0.000539975,-0.182102,-0.104897, 0.0590944, 0.0524998, 0.0591607, 0.0939645, 0.0319601, 0.0374915
-0.99955,-0.0229654, 0.0181151, 0.00663639, 2.58952e-05,-0.182104,-0.104661, 0.0590499, 0.0523775, 0.0590663, 0.093531, 0.0319152, 0.0372858
-0.999546,-0.0229767, 0.018309, 0.00662164, 0.00121485,-0.182073,-0.104283, 0.0589951, 0.0522385, 0.0589754, 0.0929598, 0.0318663, 0.0370661
-0.999544,-0.0229493, 0.0184439, 0.00663803, 0.00243978,-0.182031,-0.103984, 0.0589173, 0.0520823, 0.0588811, 0.0921505, 0.0318121, 0.0368311
-0.999486,-0.0249227, 0.0184735, 0.00807158, -0.00139348,-0.182096,-0.104227, 0.0586158, 0.0512548, 0.0577698, 0.0912222, 0.031553, 0.0363474
-0.999485,-0.0249944, 0.0184631, 0.00801773, -0.000900965,-0.182117,-0.104201, 0.0585327, 0.0511243, 0.0576833, 0.0903599, 0.031504, 0.0361474
-0.999483,-0.0250174, 0.0185137, 0.00802727, -9.47243e-05,-0.182102,-0.104039, 0.0584627, 0.0509777, 0.0576083, 0.0895158, 0.0314572, 0.0359488
-0.999483,-0.0249567, 0.018592, 0.00812331, 0.000695885,-0.182032,-0.103835, 0.0583827, 0.0508155, 0.0575337, 0.0885799, 0.0314091, 0.0357444
-0.999474,-0.0250494, 0.0189559, 0.00806287, 0.000124252,-0.182188,-0.103326, 0.0582541, 0.0502254, 0.0572725, 0.0878238, 0.0311653, 0.0351765
-0.999475,-0.0250582, 0.0189091, 0.00805031, -0.000422958,-0.182182,-0.103469, 0.0581716, 0.0500822, 0.0571999, 0.0869339, 0.0311218, 0.0350045
-0.999476,-0.0250628, 0.0188608, 0.00803085, -0.000701861,-0.182161,-0.10359, 0.0581148, 0.0499195, 0.0571367, 0.0861549, 0.0310816, 0.0348392
-0.999475,-0.0249364, 0.0189817, 0.0081641, -0.00150256,-0.182103,-0.103529, 0.0580651, 0.0497412, 0.0570747, 0.0854209, 0.0310414, 0.034675
-0.999463,-0.0257161, 0.0189395, 0.00734531, -0.0038431,-0.181892,-0.102794, 0.0571669, 0.048843, 0.0556423, 0.084382, 0.0307483, 0.0339851
-0.999464,-0.0256204, 0.0189843, 0.00744555, -0.00449158,-0.181814,-0.10285, 0.0571107, 0.048692, 0.0555761, 0.0837781, 0.0307112, 0.0338503
-0.999465,-0.0255639, 0.0189788, 0.00746975, -0.00505601,-0.181749,-0.102995, 0.0570644, 0.0485252, 0.0555101, 0.0832364, 0.0306736, 0.0337173
-0.999466,-0.0254674, 0.0190213, 0.0075257, -0.00580972,-0.181669,-0.103107, 0.0570295, 0.0483422, 0.0554453, 0.082726, 0.0306358, 0.0335883
-0.999422,-0.0270677, 0.0190574, 0.00773729, -0.0086974,-0.180183,-0.102865, 0.0561676, 0.0474799, 0.0537402, 0.081875, 0.0302644, 0.0327687
-0.999424,-0.0269117, 0.0191411, 0.0078449, -0.00962462,-0.180081,-0.102965, 0.0561318, 0.0473193, 0.0536631, 0.0814461, 0.0302321, 0.032668
-0.999426,-0.0267435, 0.0192074, 0.00793696, -0.0104357,-0.17996,-0.103113, 0.0560999, 0.0471445, 0.0535843, 0.0811208, 0.0301976, 0.032565
-0.999429,-0.0265525, 0.0192761, 0.00802732, -0.0112069,-0.179817,-0.103291, 0.0560744, 0.0469538, 0.0535056, 0.080867, 0.0301614, 0.0324615
-0.999347,-0.0276853, 0.0204109, 0.0110958, -0.0142702,-0.177019,-0.104082, 0.0548638, 0.0461603, 0.0517273, 0.0801811, 0.0296874, 0.0315208
-0.99935,-0.0274885, 0.0204581, 0.0111683, -0.0147939,-0.176892,-0.104246, 0.0548395, 0.0459859, 0.0516255, 0.0799894, 0.0296569, 0.0314396
-0.999354,-0.0273274, 0.0204838, 0.0112246, -0.0151672,-0.176787,-0.104383, 0.0548174, 0.0458007, 0.0515291, 0.0798176, 0.0296267, 0.0313567
-0.999357,-0.0271398, 0.0205273, 0.0113014, -0.0156249,-0.176668,-0.10454, 0.0547955, 0.0456069, 0.0514378, 0.0796593, 0.0295971, 0.0312718
-0.999293,-0.0281908, 0.0212984, 0.0128803, -0.017732,-0.173457,-0.104954, 0.053572, 0.0449703, 0.0498013, 0.0790678, 0.029034, 0.0302817
-0.999297,-0.0279942, 0.0213154, 0.0129357, -0.0180709,-0.173347,-0.10512, 0.0535482, 0.0447909, 0.049684, 0.0789309, 0.0290109, 0.0302106
-0.999301,-0.0278401, 0.0213371, 0.0129653, -0.0183519,-0.173262,-0.105252, 0.0535268, 0.0446037, 0.0495782, 0.078797, 0.0289891, 0.030138
-0.999304,-0.0277283, 0.0213429, 0.012933, -0.0183849,-0.173182,-0.105354, 0.0535112, 0.0444096, 0.0494834, 0.0786296, 0.0289696, 0.0300655
-0.999221,-0.028164, 0.0227002, 0.0158038, -0.0207383,-0.169325,-0.105991, 0.0523199, 0.0438875, 0.0480786, 0.0780995, 0.0283534, 0.0290907
-0.999225,-0.02798, 0.0227257, 0.0157962, -0.0210046,-0.169233,-0.106144, 0.0523082, 0.0436992, 0.0479586, 0.0778656, 0.0283397, 0.0290246
-0.999231,-0.0277321, 0.0227525, 0.0158296, -0.0214489,-0.169109,-0.10639, 0.0522989, 0.0435066, 0.0478487, 0.077697, 0.0283252, 0.0289593
-0.999235,-0.0275217, 0.0227914, 0.0158602, -0.0217402,-0.168998,-0.106587, 0.052291, 0.0433078, 0.0477443, 0.0775562, 0.0283101, 0.028895
-0.999252,-0.02722, 0.0231393, 0.0148236, -0.0228497,-0.16613,-0.105764, 0.051155, 0.0428719, 0.0464636, 0.0771231, 0.0276486, 0.0279305
-0.999258,-0.0269101, 0.0231719, 0.0148994, -0.0231332,-0.165991,-0.106041, 0.051144, 0.0426794, 0.0463192, 0.0770397, 0.0276345, 0.0278694
-0.999264,-0.026643, 0.0231864, 0.0149846, -0.0231979,-0.165861,-0.106255, 0.0511256, 0.0424793, 0.0461811, 0.0769881, 0.027619, 0.0278111
-0.999269,-0.0263834, 0.0231993, 0.015083, -0.0232283,-0.165729,-0.106457, 0.0511013, 0.0422729, 0.04605, 0.0769437, 0.0276037, 0.0277537
-0.99925,-0.0262916, 0.0238551, 0.0154844, -0.0239235,-0.162085,-0.106257, 0.050087, 0.041932, 0.0449569, 0.0765788, 0.0268833, 0.0267982
-0.999256,-0.0260258, 0.023823, 0.0155962, -0.0238765,-0.161966,-0.106443, 0.0500482, 0.0417278, 0.0447951, 0.0765477, 0.0268697, 0.0267428
-0.999261,-0.0258211, 0.0237862, 0.0156719, -0.023894,-0.161878,-0.106559, 0.0500003, 0.0415197, 0.044649, 0.0765143, 0.0268575, 0.0266879
-0.999265,-0.0256545, 0.023759, 0.0157277, -0.0239884,-0.161809,-0.106635, 0.049944, 0.0413094, 0.0445173, 0.0764694, 0.0268473, 0.0266327
-0.99926,-0.0248172, 0.0245176, 0.0162197, -0.0245538,-0.158497,-0.106231, 0.049069, 0.0410615, 0.0436941, 0.0761061, 0.0261003, 0.0257354
-0.999262,-0.0246961, 0.0245309, 0.0162273, -0.0247601,-0.158441,-0.106221, 0.0490064, 0.0408525, 0.0435469, 0.0760406, 0.0260929, 0.0256758
-0.999266,-0.0245198, 0.0245242, 0.0162798, -0.0250985,-0.158371,-0.106293, 0.0489484, 0.0406475, 0.0434167, 0.0759437, 0.026087, 0.0256153
-0.999269,-0.0243533, 0.0245515, 0.0163222, -0.0255383,-0.158297,-0.106345, 0.0488938, 0.0404464, 0.0432994, 0.0758318, 0.0260819, 0.0255567
-0.999278,-0.0238885, 0.0248758, 0.0159075, -0.025617,-0.155178,-0.106066, 0.0481523, 0.0402543, 0.0427119, 0.0754597, 0.0253521, 0.0247427
-0.999281,-0.0237325, 0.0249206, 0.0159152, -0.025966,-0.155097,-0.106045, 0.0481021, 0.0400579, 0.0425857, 0.0753457, 0.0253468, 0.0246819
-0.999284,-0.0235706, 0.0249304, 0.0159229, -0.0262998,-0.155021,-0.10605, 0.0480595, 0.0398685, 0.0424719, 0.0752085, 0.0253416, 0.0246223
-0.999287,-0.0234104, 0.0249699, 0.0159089, -0.026634,-0.154933,-0.106016, 0.0480238, 0.0396864, 0.0423676, 0.0750521, 0.0253363, 0.0245646
-0.999307,-0.0226051, 0.0252694, 0.0153504, -0.0270576,-0.152376,-0.105587, 0.0473508, 0.0395198, 0.0418867, 0.0746958, 0.0246426, 0.0238279
-0.99931,-0.0224443, 0.0253173, 0.0153089, -0.0272047,-0.152272,-0.105494, 0.047322, 0.0393435, 0.0417745, 0.0745091, 0.0246357, 0.0237654
-0.999315,-0.0222537, 0.0253242, 0.0152879, -0.0274889,-0.152174,-0.105465, 0.0473003, 0.0391768, 0.0416716, 0.0742942, 0.0246281, 0.0237044
-0.999319,-0.0220602, 0.0253044, 0.0153061, -0.027938,-0.152094,-0.105515, 0.0472836, 0.0390179, 0.0415763, 0.0741072, 0.0246201, 0.023648
-0.999347,-0.021409, 0.02539, 0.0142423, -0.028003,-0.1498,-0.105232, 0.0466774, 0.0388654, 0.0412025, 0.0737861, 0.0239795, 0.0229911
-0.999352,-0.0212197, 0.0253521, 0.0142613, -0.0281708,-0.149697,-0.105204, 0.0466607, 0.0387133, 0.0411037, 0.0736383, 0.0239699, 0.0229347
-0.999357,-0.0210336, 0.0252909, 0.0142861, -0.0282644,-0.149596,-0.105181, 0.0466474, 0.038569, 0.0410111, 0.0734879, 0.0239592, 0.0228803
-0.999363,-0.0208544, 0.0251896, 0.0143228, -0.0282427,-0.149496,-0.105152, 0.0466354, 0.0384295, 0.0409215, 0.0733469, 0.0239474, 0.0228284
-0.999372,-0.0201211, 0.0256119, 0.0139575, -0.0288479,-0.147277,-0.10484, 0.0461534, 0.0382892, 0.0406273, 0.0730725, 0.0233764, 0.0222668
-0.999378,-0.0199386, 0.0254798, 0.0140281, -0.0289237,-0.147202,-0.104871, 0.0461404, 0.038156, 0.0405336, 0.0729452, 0.023362, 0.0222127
-0.999384,-0.0198056, 0.025296, 0.0141303, -0.0291215,-0.147179,-0.104987, 0.0461199, 0.0380206, 0.0404396, 0.0728718, 0.023348, 0.022165
-0.99939,-0.0196738, 0.0251031, 0.014256, -0.0292433,-0.147141,-0.105064, 0.0460886, 0.0378798, 0.0403433, 0.0728343, 0.0233345, 0.0221229
-0.999402,-0.0192369, 0.0253291, 0.0135877, -0.0291469,-0.145128,-0.104845, 0.0456537, 0.0377331, 0.0401038, 0.0726144, 0.022835, 0.0216582
-0.999408,-0.019091, 0.0251134, 0.0137431, -0.0292294,-0.145084,-0.104901, 0.0456118, 0.0375941, 0.0400022, 0.0725945, 0.0228206, 0.021617
-0.999414,-0.0189423, 0.0248985, 0.0138801, -0.029261,-0.14502,-0.10491, 0.0455662, 0.0374488, 0.0398944, 0.0725792, 0.0228052, 0.0215782
-0.999421,-0.0187945, 0.0246699, 0.0140019, -0.0292913,-0.144958,-0.10492, 0.0455235, 0.0372983, 0.0397784, 0.0725599, 0.0227878, 0.0215395
-0.999438,-0.018549, 0.0248026, 0.0128186, -0.02912,-0.143208,-0.10444, 0.0451743, 0.0371562, 0.0395905, 0.0723688, 0.0223557, 0.0211671
-0.999446,-0.0183623, 0.0245589, 0.0129323, -0.0291213,-0.143124,-0.104419, 0.0451316, 0.0370097, 0.0394672, 0.0723493, 0.022336, 0.0211262
-0.999453,-0.0182125, 0.0243295, 0.0130135, -0.0291365,-0.14306,-0.104423, 0.0450903, 0.0368549, 0.0393325, 0.0723268, 0.0223144, 0.0210862
-0.999462,-0.0179795, 0.0241019, 0.0130679, -0.029121,-0.142939,-0.104354, 0.0450526, 0.0366929, 0.0391861, 0.0722952, 0.0222906, 0.0210464
-0.999468,-0.0177698, 0.0244026, 0.0123171, -0.029052,-0.141339,-0.103901, 0.044789, 0.0365449, 0.0390356, 0.0721151, 0.0219294, 0.020769
-0.999478,-0.017519, 0.0241692, 0.0123634, -0.0289633,-0.141214,-0.103831, 0.0447609, 0.0363931, 0.0388824, 0.0720681, 0.0219025, 0.0207246
-0.999485,-0.0173527, 0.0239929, 0.0123801, -0.0288912,-0.141122,-0.103795, 0.0447347, 0.036233, 0.0387175, 0.072017, 0.0218746, 0.0206822
-0.999494,-0.0170984, 0.0237866, 0.01239, -0.0288575,-0.140995,-0.103728, 0.0447112, 0.036067, 0.0385447, 0.0719568, 0.0218463, 0.0206418
-0.999483,-0.0168498, 0.0243286, 0.0126068, -0.0287545,-0.139498,-0.10355, 0.0445021, 0.0359027, 0.038414, 0.0717787, 0.0215535, 0.0204505
-0.99949,-0.0166748, 0.0241512, 0.0126203, -0.0287284,-0.139407,-0.103517, 0.0444802, 0.0357476, 0.0382408, 0.0717209, 0.0215267, 0.0204108
-0.999496,-0.016476, 0.0240173, 0.0126061, -0.0286792,-0.13929,-0.103449, 0.0444576, 0.0355866, 0.0380636, 0.0716575, 0.0215015, 0.0203753
-0.999504,-0.0162182, 0.0238947, 0.0125772, -0.0286104,-0.139143,-0.103355, 0.0444412, 0.0354261, 0.0378868, 0.071585, 0.0214765, 0.0203414
-0.999505,-0.0162839, 0.0240601, 0.0120582, -0.0281073,-0.137928,-0.103089, 0.0443126, 0.0352824, 0.0377799, 0.0713977, 0.0212437, 0.0202185
-0.999511,-0.0160862, 0.0239639, 0.0120324, -0.0280196,-0.137804,-0.103009, 0.0442984, 0.0351368, 0.0376101, 0.0713216, 0.0212216, 0.0201858
-0.999516,-0.0158842, 0.0239168, 0.0119874, -0.0278469,-0.137661,-0.102901, 0.0442864, 0.0349926, 0.0374454, 0.0712338, 0.021201, 0.0201558
-0.999521,-0.0156512, 0.0238907, 0.0119263, -0.0275994,-0.137495,-0.102767, 0.0442771, 0.0348538, 0.0372873, 0.0711205, 0.0211811, 0.0201265
-0.99951,-0.0154946, 0.0243365, 0.0121617, -0.0269912,-0.136476,-0.102698, 0.0441601, 0.0347492, 0.0371933, 0.0708822, 0.0209994, 0.020055
-0.999513,-0.015302, 0.0243376, 0.0120988, -0.0266825,-0.136327,-0.102565, 0.0441511, 0.0346247, 0.0370448, 0.0707429, 0.0209824, 0.0200259
-0.999516,-0.0151306, 0.0243626, 0.0120331, -0.0263365,-0.136181,-0.102433, 0.0441409, 0.034504, 0.0369021, 0.0705742, 0.0209668, 0.0199984
-0.999518,-0.0150152, 0.0244074, 0.0119812, -0.0259694,-0.136056,-0.10232, 0.0441294, 0.0343877, 0.0367669, 0.0703886, 0.0209526, 0.0199728
-0.99951,-0.0151291, 0.0246431, 0.0120207, -0.0254996,-0.135215,-0.102176, 0.0440595, 0.0343003, 0.0366668, 0.07007, 0.0208164, 0.01994
-0.999511,-0.0150129, 0.0246681, 0.0119642, -0.0253453,-0.135114,-0.102091, 0.0440458, 0.0341923, 0.0365428, 0.0698718, 0.0208063, 0.0199178
-0.999514,-0.0148701, 0.0246931, 0.0118979, -0.025341,-0.135015,-0.102011, 0.044033, 0.0340875, 0.0364286, 0.0696826, 0.0207977, 0.0198986
-0.999519,-0.0146492, 0.0246603, 0.0118274, -0.0256288,-0.134919,-0.101963, 0.0440251, 0.0339881, 0.0363263, 0.0695377, 0.02079, 0.0198822
-0.999515,-0.0146905, 0.0247701, 0.0118235, -0.025042,-0.13432,-0.101814, 0.0439589, 0.0339154, 0.036225, 0.0691278, 0.0206924, 0.0198703
-0.99952,-0.0144935, 0.0247276, 0.0117861, -0.0252084,-0.134228,-0.101763, 0.0439564, 0.0338234, 0.0361364, 0.0690473, 0.0206865, 0.0198576
-0.999521,-0.0143794, 0.0247621, 0.0117739, -0.0251553,-0.13414,-0.10169, 0.0439552, 0.0337351, 0.0360567, 0.0689879, 0.0206813, 0.0198474
-0.999522,-0.0142617, 0.0247861, 0.0117635, -0.0251928,-0.134061,-0.101633, 0.043954, 0.0336517, 0.0359858, 0.0689258, 0.0206768, 0.0198389
-0.999519,-0.0143723, 0.0248046, 0.0117962, -0.025476,-0.133621,-0.101456, 0.0438891, 0.033583, 0.0358831, 0.0684454, 0.0206068, 0.019832
-0.99952,-0.0142862, 0.0248225, 0.011799, -0.0255377,-0.133556,-0.101414, 0.0438886, 0.0335053, 0.0358226, 0.0683876, 0.0206033, 0.019826
-0.999519,-0.0142673, 0.0248812, 0.0118106, -0.0255621,-0.133508,-0.101373, 0.043888, 0.0334306, 0.0357696, 0.0683044, 0.0205999, 0.0198214
-0.999518,-0.0142147, 0.0249387, 0.0118253, -0.0258332,-0.133467,-0.101345, 0.0438871, 0.0333604, 0.0357221, 0.0682025, 0.0205963, 0.0198172
-0.999516,-0.0143009, 0.0249635, 0.0118706, -0.02484,-0.133222,-0.101126, 0.0438118, 0.033288, 0.0356243, 0.0676398, 0.0205417, 0.0197998
-0.999515,-0.0142521, 0.025021, 0.0118991, -0.0251999,-0.133193,-0.101106, 0.043811, 0.0332242, 0.0355808, 0.0675474, 0.0205377, 0.0197969
-0.99951,-0.0142938, 0.0251583, 0.0119355, -0.0254368,-0.133184,-0.101067, 0.0438098, 0.0331664, 0.0355396, 0.0674598, 0.0205329, 0.019794
-0.999503,-0.0144061, 0.0253462, 0.0119564, -0.0255596,-0.133196,-0.101016, 0.0438082, 0.0331136, 0.0354982, 0.0673377, 0.0205272, 0.0197897
-0.999501,-0.0142606, 0.0253856, 0.0122372, -0.0255956,-0.133101,-0.100771, 0.0437224, 0.0330241, 0.0354078, 0.0666685, 0.0204746, 0.0197485
-0.999495,-0.014374, 0.0255605, 0.0122314, -0.0258328,-0.133134,-0.100743, 0.0437182, 0.0329757, 0.0353631, 0.0664929, 0.0204674, 0.0197432
-0.999488,-0.0145388, 0.0257441, 0.0122442, -0.0255433,-0.133148,-0.100679, 0.0437106, 0.0329299, 0.0353162, 0.0662617, 0.0204588, 0.0197362
-0.99948,-0.0147456, 0.0259423, 0.0122325, -0.0249185,-0.133167,-0.10059, 0.0436919, 0.032883, 0.0352656, 0.0658639, 0.020447, 0.019725
-0.999484,-0.0146612, 0.0256981, 0.0125435, -0.0252529,-0.133242,-0.100256, 0.0435554, 0.032758, 0.0351773, 0.0650339, 0.0203888, 0.0196508
-0.999476,-0.014873, 0.025886, 0.0124818, -0.0247889,-0.133287,-0.100193, 0.0435214, 0.0327115, 0.035121, 0.0644623, 0.0203741, 0.0196372
-0.999469,-0.0151161, 0.0260782, 0.0123662, -0.0240218,-0.133351,-0.100111, 0.0434704, 0.0326622, 0.0350583, 0.0637403, 0.0203561, 0.0196199
-0.999463,-0.0153524, 0.0262583, 0.0122066, -0.0236869,-0.133445,-0.100073, 0.0434021, 0.0326093, 0.034987, 0.0629082, 0.0203353, 0.0195996
-0.999465,-0.015396, 0.0262081, 0.0120701, -0.0231251,-0.133738,-0.0996127, 0.0432521, 0.0324434, 0.0348969, 0.0619263, 0.020265, 0.0194881
-0.99946,-0.0156149, 0.0263509, 0.0119339, -0.022957,-0.13383,-0.0995959, 0.0431848, 0.0323924, 0.0348173, 0.0611062, 0.0202423, 0.0194706
-0.999455,-0.0158364, 0.0264637, 0.0117879, -0.0222231,-0.133907,-0.0995405, 0.0431118, 0.0323364, 0.0347308, 0.0602382, 0.0202173, 0.0194517
-0.999452,-0.0160379, 0.0265406, 0.0116177, -0.0211082,-0.133967,-0.0994602, 0.043021, 0.0322724, 0.0346367, 0.0592586, 0.0201898, 0.0194303
-0.999467,-0.0162787, 0.026065, 0.0110254, -0.0212705,-0.134486,-0.0990018, 0.0427807, 0.0320977, 0.0345458, 0.0582081, 0.020104, 0.0192884
-0.999465,-0.0164348, 0.0260957, 0.0108538, -0.0200654,-0.134521,-0.0989223, 0.0426685, 0.0320297, 0.0344444, 0.057102, 0.020073, 0.0192671
-0.999465,-0.0165701, 0.0261147, 0.0106085, -0.0190312,-0.134573,-0.0988615, 0.0425403, 0.0319532, 0.0343343, 0.0559232, 0.0200403, 0.0192441
-0.999466,-0.016682, 0.0261242, 0.0103338, -0.0181611,-0.134629,-0.0988156, 0.0424004, 0.0318689, 0.0342142, 0.0547283, 0.020007, 0.0192208
-0.999488,-0.0170083, 0.0255546, 0.00906036, -0.018954,-0.135226,-0.0982772, 0.042124, 0.0317054, 0.0340993, 0.05363, 0.0199085, 0.019059
-0.999487,-0.0171515, 0.025605, 0.00874172, -0.0189864,-0.135342,-0.0983047, 0.0419817, 0.031622, 0.033971, 0.0524701, 0.0198739, 0.0190389
-0.999484,-0.0173461, 0.0257039, 0.00839286, -0.019808,-0.135526,-0.0983953, 0.041857, 0.0315399, 0.0338362, 0.0514661, 0.0198417, 0.0190215
-0.999479,-0.0175752, 0.0258417, 0.00807876, -0.0210882,-0.135742,-0.0985193, 0.0417635, 0.0314642, 0.0336978, 0.0506778, 0.0198127, 0.0190077
-0.999495,-0.0175935, 0.0254201, 0.00740226, -0.0227931,-0.136282,-0.0980602, 0.0414944, 0.0313347, 0.0335738, 0.049606, 0.0196947, 0.0188291
-0.99949,-0.0178337, 0.0255396, 0.00705605, -0.0240443,-0.136526,-0.0981876, 0.0414246, 0.0312686, 0.0334365, 0.0489668, 0.019667, 0.0188197
-0.999483,-0.0181238, 0.0256828, 0.00672933, -0.0255788,-0.136816,-0.0983346, 0.041376, 0.0312073, 0.0332984, 0.0484852, 0.0196423, 0.0188128
-0.999475,-0.0184686, 0.0258311, 0.00643168, -0.0270956,-0.13714,-0.0984814, 0.0413474, 0.0311521, 0.0331602, 0.0481628, 0.0196206, 0.0188084
-0.999495,-0.0181137, 0.0253426, 0.00632937, -0.0307045,-0.137575,-0.097982, 0.0410531, 0.03106, 0.0330522, 0.0471713, 0.0194807, 0.0186129
-0.999487,-0.0184631, 0.0254489, 0.00605643, -0.031765,-0.137902,-0.0980898, 0.0410282, 0.0310106, 0.0329166, 0.0469431, 0.0194611, 0.0186111
-0.99948,-0.018813, 0.0255442, 0.00581379, -0.0325343,-0.138218,-0.0981577, 0.0409968, 0.0309613, 0.0327777, 0.0467886, 0.0194437, 0.0186103
-0.999472,-0.0191558, 0.0256339, 0.00563317, -0.0331506,-0.138517,-0.0981896, 0.0409601, 0.030917, 0.0326349, 0.0467155, 0.0194281, 0.01861
-0.999486,-0.018913, 0.0252593, 0.00562573, -0.0359395,-0.138865,-0.0976682, 0.0406402, 0.0308537, 0.0325442, 0.0458523, 0.0192643, 0.0183945
-0.999479,-0.0192756, 0.025269, 0.00565067, -0.0361387,-0.139148,-0.0976887, 0.0405904, 0.0308147, 0.0323998, 0.0458133, 0.0192496, 0.0183937
-0.999473,-0.0196094, 0.0252373, 0.00573596, -0.0359645,-0.139394,-0.0976925, 0.0405231, 0.0307725, 0.0322523, 0.045776, 0.019236, 0.0183929
-0.999468,-0.01988, 0.0251978, 0.00577939, -0.0356827,-0.139604,-0.0976756, 0.0404416, 0.0307278, 0.0321018, 0.0457399, 0.0192232, 0.018392
-0.999479,-0.0199377, 0.0249121, 0.00487908, -0.0376792,-0.140069,-0.096958, 0.0401228, 0.0306609, 0.0320149, 0.0450172, 0.0190366, 0.0181505
-0.999475,-0.0201871, 0.0248632, 0.00493513, -0.0375386,-0.140277,-0.0969496, 0.0400371, 0.0306186, 0.0318643, 0.0449909, 0.0190237, 0.0181488
-0.999472,-0.0204194, 0.0247784, 0.005071, -0.0372863,-0.140471,-0.096956, 0.0399485, 0.0305755, 0.0317122, 0.0449671, 0.0190114, 0.0181472
-0.99947,-0.0205974, 0.0246897, 0.00514043, -0.0369519,-0.140642,-0.0969474, 0.039853, 0.0305299, 0.0315568, 0.04494, 0.0189997, 0.0181457
-0.999487,-0.0204568, 0.024192, 0.0045941, -0.0394376,-0.141002,-0.0962158, 0.0394547, 0.0304663, 0.0314656, 0.0443432, 0.0187959, 0.017883
-0.999487,-0.0205986, 0.0241077, 0.004576, -0.0392435,-0.141186,-0.0961992, 0.0393544, 0.030422, 0.0313082, 0.0443214, 0.0187842, 0.0178808
-0.999486,-0.0207406, 0.0239822, 0.00464109, -0.0389041,-0.141365,-0.0961894, 0.0392486, 0.0303768, 0.0311475, 0.0443039, 0.018773, 0.0178782
-0.999488,-0.0208406, 0.023821, 0.00470437, -0.0383281,-0.141516,-0.0961654, 0.0391302, 0.0303276, 0.0309806, 0.044281, 0.0187624, 0.0178757
-0.999499,-0.0209276, 0.0234913, 0.00347974, -0.0392653,-0.141928,-0.0953346, 0.0387482, 0.0302631, 0.0308927, 0.0438092, 0.0185446, 0.0175928
-0.999502,-0.020979, 0.0233308, 0.00339396, -0.0388444,-0.142094,-0.0952908, 0.0386242, 0.0302118, 0.0307238, 0.0437915, 0.0185337, 0.0175892
-0.999506,-0.0210116, 0.0231213, 0.00340446, -0.0383883,-0.14225,-0.0952674, 0.0385017, 0.0301608, 0.030553, 0.0437774, 0.0185231, 0.0175851
-0.999512,-0.0209912, 0.0228913, 0.0034158, -0.0378862,-0.142375,-0.0952517, 0.0383785, 0.0301076, 0.0303782, 0.0437629, 0.0185128, 0.0175811
-0.999526,-0.0207397, 0.0225672, 0.00294703, -0.0392895,-0.142629,-0.0944533, 0.0379913, 0.0300502, 0.0302946, 0.0433953, 0.0182897, 0.0172899
-0.999531,-0.0206875, 0.0223915, 0.00278107, -0.0390641,-0.142768,-0.0944249, 0.037878, 0.0299987, 0.030121, 0.0433877, 0.0182787, 0.0172849
-0.999537,-0.02062, 0.0222064, 0.00268379, -0.039115,-0.142911,-0.0944437, 0.0377847, 0.0299534, 0.0299506, 0.0433825, 0.0182676, 0.0172794
-0.999544,-0.0205144, 0.0219937, 0.0026223, -0.0392613,-0.143041,-0.0945054, 0.0376983, 0.0299091, 0.029778, 0.0433786, 0.0182566, 0.0172741
-0.999556,-0.0203549, 0.0216519, 0.0019907, -0.0397675,-0.143303,-0.0937574, 0.0372937, 0.0298595, 0.0296995, 0.0430914, 0.0180438, 0.016996
-0.999563,-0.0202387, 0.0214649, 0.00177121, -0.0399378,-0.14345,-0.0937855, 0.0372078, 0.0298134, 0.0295258, 0.0430869, 0.0180321, 0.0169896
-0.999569,-0.0201208, 0.0213232, 0.00152632, -0.0402402,-0.14359,-0.0938055, 0.0371361, 0.0297728, 0.0293551, 0.0430726, 0.0180205, 0.0169822
-0.999575,-0.0200026, 0.0211823, 0.00132519, -0.0407518,-0.143738,-0.0938569, 0.0370776, 0.0297371, 0.0291876, 0.0430404, 0.0180089, 0.0169735
-0.999585,-0.0200186, 0.0206948, 0.000162914, -0.0411734,-0.144132,-0.0930562, 0.0366707, 0.0296933, 0.0291135, 0.0428078, 0.0178108, 0.0167187
0.99959,0.0199187, -0.0205621, 5.10879e-05, -0.0418263,-0.14431,-0.0931067, 0.036621, 0.0296599, 0.0289507, 0.0427497, 0.0177982, 0.0167071
0.999595,0.0198232, -0.0204314, 0.000263276, -0.0424715,-0.144494,-0.0931338, 0.036582, 0.0296294, 0.0287922, 0.0426542, 0.0177853, 0.0166937
0.999599,0.0197598, -0.020274, 0.000430964, -0.042983,-0.144697,-0.0931201, 0.0365505, 0.0295995, 0.0286399, 0.0424928, 0.017772, 0.0166771
0.999608,0.0196709, -0.0199017, 0.00121802, -0.0433854,-0.145062,-0.0924851, 0.0362076, 0.0295538, 0.0285745, 0.04229, 0.0175985, 0.0164642
0.999611,0.0196712, -0.0197099, 0.0012769, -0.043965,-0.145314,-0.0924682, 0.0361773, 0.0295217, 0.0284294, 0.0420315, 0.017583, 0.0164414
0.999616,0.0196871, -0.0194734, 0.00124148, -0.0446027,-0.145575,-0.092466, 0.0361452, 0.0294846, 0.0282884, 0.041699, 0.0175669, 0.0164158
0.999621,0.0197961, -0.0190865, 0.00110926, -0.044363,-0.14588,-0.0923164, 0.0361036, 0.0294382, 0.0281516, 0.0412759, 0.0175501, 0.0163868
0.999635,0.0193898, -0.0187731, 0.000732167, -0.04512,-0.146039,-0.0917434, 0.0358091, 0.0293522, 0.0280884, 0.0410825, 0.0174092, 0.0162311
0.999641,0.0196434, -0.0182342, 0.000402314, -0.0441518,-0.146419,-0.0914748, 0.0357403, 0.0292945, 0.0279558, 0.0405009, 0.0173896, 0.0161935
-0.999646,-0.0199788, 0.0175426, 0.000158866, -0.0428837,-0.14683,-0.0911987, 0.0356304, 0.0292176, 0.0278233, 0.0397734, 0.0173688, 0.0161514
-0.999652,-0.0203478, 0.0167909, 0.000822401, -0.041547,-0.147224,-0.090951, 0.0354806, 0.0291239, 0.0276896, 0.0389619, 0.0173472, 0.0161077
-0.999666,-0.0202066, 0.0160891, 0.000315134, -0.0412448,-0.147315,-0.0909282, 0.0352623, 0.028957, 0.027628, 0.0387968, 0.0172382, 0.0160095
-0.999668,-0.0206166, 0.0154258, 0.000986952, -0.040237,-0.147707,-0.0907235, 0.0350921, 0.0288725, 0.0274869, 0.0379875, 0.0172142, 0.0159635
-0.999669,-0.0210538, 0.0147003, 0.00169598, -0.0389544,-0.148092,-0.0904924, 0.0349062, 0.0287803, 0.0273478, 0.0372059, 0.0171906, 0.0159206
-0.999669,-0.0215082, 0.0139316, 0.00241619, -0.0372661,-0.148449,-0.0902194, 0.0346962, 0.0286802, 0.0272116, 0.0364268, 0.0171677, 0.0158799
-0.99968,-0.0213395, 0.0133489, 0.00252322, -0.0370656,-0.148892,-0.0901031, 0.0345403, 0.0284365, 0.0271556, 0.03631, 0.0170884, 0.0158251
-0.999679,-0.0216412, 0.0128453, 0.00302815, -0.0365005,-0.149145,-0.0899974, 0.0343309, 0.0283556, 0.0270182, 0.0355841, 0.0170647, 0.0157854
-0.99968,-0.0217755, 0.0124705, 0.0033184, -0.0365723,-0.149304,-0.0899949, 0.0341541, 0.0282795, 0.026886, 0.0349909, 0.0170415, 0.015752
-0.999678,-0.0220306, 0.0120134, 0.00373519, -0.0363285,-0.14953,-0.0899148, 0.034004, 0.0282098, 0.0267578, 0.0344957, 0.0170181, 0.0157236
-0.999686,-0.0219727, 0.0113664, 0.0039096, -0.0362347,-0.149833,-0.0898305, 0.033881, 0.0279708, 0.0267025, 0.0344136, 0.0169696, 0.0156995
-0.999682,-0.0223103, 0.0109382, 0.00440407, -0.0360078,-0.150094,-0.0897285, 0.0337394, 0.027917, 0.0265789, 0.0339486, 0.0169464, 0.0156724
-0.999679,-0.0225101, 0.0105916, 0.00473415, -0.0360281,-0.150268,-0.0896896, 0.033601, 0.0278631, 0.0264621, 0.0335206, 0.0169241, 0.0156481
-0.999675,-0.0227934, 0.0102021, 0.00518489, -0.0361996,-0.150499,-0.0896542, 0.0334709, 0.0278108, 0.0263521, 0.0331336, 0.0169025, 0.0156266
-0.999681,-0.0228367, 0.00943932, 0.00529025, -0.0358072,-0.150735,-0.0895763, 0.0333828, 0.027573, 0.0263004, 0.0330603, 0.0168738, 0.0156205
-0.999674,-0.0231321, 0.00911212, 0.00573578, -0.0361633,-0.150969,-0.0895641, 0.0332659, 0.0275339, 0.0261993, 0.0327071, 0.0168538, 0.0156007
-0.999671,-0.0232952, 0.00884774, 0.00600598, -0.0365643,-0.151122,-0.0895902, 0.0331596, 0.0274944, 0.0261079, 0.0323991, 0.0168354, 0.0155834
-0.999668,-0.0234514, 0.00858528, 0.00627018, -0.0370089,-0.15127,-0.0896188, 0.0330637, 0.0274567, 0.0260232, 0.0321238, 0.0168181, 0.0155682
-0.999674,-0.0234414, 0.00789586, 0.00636467, -0.0363878,-0.151352,-0.0895896, 0.0330045, 0.0272515, 0.0259841, 0.0320493, 0.0167991, 0.0155674
-0.999669,-0.0236361, 0.00766889, 0.00667281, -0.0369098,-0.151518,-0.0896112, 0.0329197, 0.0272251, 0.0259062, 0.0317892, 0.0167828, 0.0155537
-0.999663,-0.0238565, 0.00742543, 0.00701869, -0.0376426,-0.151714,-0.089664, 0.0328381, 0.0271982, 0.0258366, 0.0315483, 0.0167682, 0.0155412
-0.999657,-0.0240821, 0.00717025, 0.0073709, -0.0384815,-0.151922,-0.089739, 0.0327639, 0.0271703, 0.0257756, 0.031337, 0.0167554, 0.0155298
-0.999664,-0.0239515, 0.00660249, 0.00735428, -0.037906,-0.151873,-0.0897531, 0.0327189, 0.0269816, 0.0257428, 0.0312568, 0.0167386, 0.0155262
-0.999657,-0.0241853, 0.00638666, 0.00769867, -0.0387769,-0.152081,-0.0898337, 0.032658, 0.0269601, 0.0256902, 0.0310756, 0.0167277, 0.0155163
-0.99965,-0.0244229, 0.00615184, 0.00804768, -0.0396823,-0.152299,-0.0899327, 0.032606, 0.0269363, 0.0256455, 0.030929, 0.0167187, 0.0155073
