1.6434e+09,-0.000253756,-0.000639346,0.00019133,1,8.73522e-05,-0.000798647,0.000568699
1.6434e+09,-0.000206121,-0.000434035,0.000393198,1,-0.000396403,-0.000729721,0.00487524
1.6434e+09,-0.000373996,-0.000492497,0.000404856,1,0.000598891,-0.000735015,0.00558282
1.6434e+09,-0.000439171,-0.000374197,0.000446559,1,0.000492892,-0.0027884,0.00839764
1.6434e+09,-0.000460183,-0.000394189,0.000501651,1,0.00143605,-0.00279652,0.0087984
1.6434e+09,-0.000446918,-0.000360598,0.000459431,1,0.00132696,-0.00279435,0.0096229
1.6434e+09,-0.000465983,0.000206167,0.000976423,0.999999,0.00192748,-0.00337727,0.00981403
1.6434e+09,-2.6745e-05,0.00108492,0.00134925,0.999999,-0.00101789,-0.00262961,0.00591425
1.6434e+09,-0.00108143,0.00441042,0.00117997,0.999989,0.00251996,-0.002478,0.00587843
1.6434e+09,-0.00234171,0.0102361,0.00166397,0.999943,-0.00160974,-0.00165167,0.00884814
1.6434e+09,-0.00243031,0.00566813,0.00138215,0.99998,-0.00424414,-0.00254513,0.0309081
1.6434e+09,-0.00272577,0.00114568,-8.92358e-05,0.999996,-0.00985423,-0.00383302,0.06168
1.6434e+09,-0.00467283,-0.00168507,-0.000480605,0.999988,-0.0136215,-0.00380944,0.0875365
1.6434e+09,-0.00825552,0.00272371,-0.00297544,0.999958,-0.0133636,-0.0046109,0.118655
1.6434e+09,-0.0135859,0.00257516,-0.00947218,0.99986,-0.0169656,-0.00159357,0.139422
1.6434e+09,-0.0186706,-0.000286644,-0.0144969,0.999721,-0.0202614,-0.00647795,0.169543
1.6434e+09,-0.0141605,-0.00156687,-0.016711,0.999759,-0.0278188,-0.00980184,0.193464
1.6434e+09,-0.00715626,-0.00543182,-0.0191472,0.999776,-0.0334441,-0.0129852,0.223789
1.6434e+09,-0.00791665,-0.0125094,-0.0217562,0.999654,-0.0378102,-0.0141111,0.234443
1.6434e+09,-0.0166365,-0.0138712,-0.0241316,0.999474,-0.0433412,-0.0167456,0.238646
1.6434e+09,-0.0320184,-0.00736068,-0.0252642,0.999141,-0.0469792,-0.0160804,0.228776
1.6434e+09,-0.0498233,0.00264215,-0.0251442,0.998438,-0.0503691,-0.0150559,0.223342
1.6434e+09,-0.0773513,0.0115058,-0.0214181,0.996707,-0.0558046,-0.0129207,0.218528
1.6434e+09,-0.118012,0.0269202,-0.0140847,0.992547,-0.0592754,-0.0131929,0.206223
1.6434e+09,-0.168565,0.0403236,-0.0089964,0.984824,-0.0669933,-0.0167446,0.191828
1.6434e+09,-0.220441,0.0466618,-0.00681799,0.97426,-0.0717713,-0.0233636,0.180437
1.6434e+09,-0.268807,0.0481478,-0.00630633,0.961969,-0.0749121,-0.0289714,0.169254
1.6434e+09,-0.314478,0.0498692,-0.00751907,0.947924,-0.0785484,-0.0384044,0.163415
1.6434e+09,-0.360073,0.052972,-0.0108111,0.931356,-0.0818445,-0.0496917,0.155345
1.6434e+09,-0.401591,0.0605969,-0.0144806,0.913698,-0.0861793,-0.0601054,0.146485
1.6434e+09,-0.431921,0.0685561,-0.0158857,0.899162,-0.092476,-0.0682319,0.140712
1.6434e+09,-0.456261,0.0710191,-0.0153126,0.886875,-0.098015,-0.0796511,0.133727
1.6434e+09,-0.478028,0.0745449,-0.0141909,0.875061,-0.104652,-0.0821112,0.12804
1.6434e+09,-0.497258,0.080844,-0.0136443,0.86372,-0.110671,-0.0914517,0.122794
1.6434e+09,-0.509801,0.0839295,-0.0135806,0.856081,-0.114926,-0.0975758,0.118718
1.6434e+09,-0.514625,0.0839728,-0.0142755,0.853174,-0.116757,-0.101381,0.116322
1.6434e+09,-0.506003,0.0805177,-0.0146142,0.858641,-0.117272,-0.096898,0.116884
1.6434e+09,-0.480998,0.0679226,-0.0136546,0.87398,-0.115459,-0.0893443,0.118919
1.6434e+09,-0.43622,0.0532001,-0.00913344,0.89822,-0.110632,-0.0776425,0.125454
1.6434e+09,-0.377866,0.0371061,-0.00160121,0.925115,-0.104201,-0.0591076,0.13756
1.6434e+09,-0.313774,0.0214897,0.00817575,0.949219,-0.100655,-0.0421136,0.150039
1.6434e+09,-0.246501,0.0115417,0.0177589,0.968911,-0.0976294,-0.0273697,0.16421
1.6434e+09,-0.178478,0.00864855,0.0222501,0.983654,-0.0948837,-0.0153601,0.176133
1.6434e+09,-0.109195,0.0087739,0.0198039,0.993784,-0.0894901,-0.00625405,0.189846
1.6434e+09,-0.0392201,0.00444386,0.0125548,0.999142,-0.0825107,-0.0012097,0.211323
1.6434e+09,0.0258336,-0.00440706,0.00406292,0.999648,-0.0766935,0.00110583,0.223618
1.6434e+09,0.0878766,-0.00584353,-0.0029266,0.99611,-0.0712236,-0.0013245,0.232393
1.6434e+09,0.146659,-0.00851792,-0.0115357,0.989083,-0.0662907,-0.00629527,0.239793
1.6434e+09,0.203258,-0.0131224,-0.0220779,0.978788,-0.0605994,-0.00957116,0.24508
1.6434e+09,0.254303,-0.0128176,-0.029556,0.966588,-0.0581794,-0.0154428,0.253509
1.6434e+09,0.293607,-0.0101982,-0.0301283,0.955397,-0.054945,-0.0219038,0.257238
1.6434e+09,0.322903,-0.0115819,-0.0311256,0.945849,-0.0550195,-0.0251765,0.258601
1.6434e+09,0.351444,-0.0144321,-0.0341283,0.935475,-0.0556271,-0.0303968,0.262721
1.6434e+09,0.380176,-0.0131285,-0.039451,0.923979,-0.054997,-0.0327773,0.265652
1.6434e+09,0.39922,-0.0117799,-0.046516,0.915599,-0.0522664,-0.0357634,0.264734
1.6434e+09,0.406309,-0.0100794,-0.050047,0.912308,-0.0505042,-0.0327496,0.26265
1.6434e+09,0.403533,-0.0057716,-0.0481842,0.913677,-0.0486884,-0.0293332,0.258579
1.6434e+09,0.392878,-0.000518488,-0.0458357,0.918448,-0.0476452,-0.0266427,0.256338
1.6434e+09,0.370386,0.00446319,-0.0428758,0.927877,-0.046621,-0.0208824,0.256043
1.6434e+09,0.331657,0.0105089,-0.0360174,0.942654,-0.0469712,-0.0147965,0.252421
1.6434e+09,0.279755,0.0148955,-0.0281592,0.959543,-0.0478153,-0.00561829,0.246676
1.6434e+09,0.221659,0.0203818,-0.0202941,0.9747,-0.0497316,0.00204192,0.240384
1.6434e+09,0.157636,0.0232672,-0.0134501,0.987131,-0.0523326,0.00963642,0.233433
1.6434e+09,0.0919093,0.025654,-0.00670499,0.995414,-0.0540678,0.0145608,0.22694
1.6434e+09,0.0264287,0.0319085,0.000390925,0.999141,-0.0536193,0.0160988,0.217951
1.6434e+09,-0.0418282,0.0361744,0.00833022,0.998435,-0.0547998,0.0157608,0.207176
1.6434e+09,-0.111701,0.036507,0.0188635,0.992892,-0.0561207,0.0131816,0.194324
1.6434e+09,-0.179688,0.0379872,0.0284752,0.982577,-0.0588471,0.00774963,0.184855
1.6434e+09,-0.248176,0.0403971,0.0349444,0.967241,-0.0616381,0.00104126,0.173933
1.6434e+09,-0.312743,0.0440299,0.0404401,0.947955,-0.064572,-0.00826742,0.161363
1.6434e+09,-0.360948,0.0573291,0.0434006,0.92981,-0.0679486,-0.0181475,0.150866
1.6434e+09,-0.386113,0.0692958,0.0455501,0.918717,-0.0713555,-0.0139399,0.162166
1.6434e+09,-0.417185,0.079887,0.0477615,0.904043,-0.0727348,-0.0313665,0.13865
1.6434e+09,-0.441639,0.0821011,0.0475033,0.892165,-0.0757317,-0.037647,0.133199
1.6434e+09,-0.462391,0.0887389,0.04483,0.881085,-0.078781,-0.0420047,0.1287
1.6434e+09,-0.474104,0.0916776,0.04368,0.874593,-0.0815025,-0.0441978,0.126814
1.6434e+09,-0.475441,0.0922072,0.0426269,0.873863,-0.081524,-0.0443346,0.125649
1.6434e+09,-0.475831,0.0939276,0.0403189,0.873577,-0.081685,-0.0442543,0.122613
1.6434e+09,-0.473526,0.100195,0.0350363,0.874361,-0.0820152,-0.0481338,0.12066
1.6434e+09,-0.468853,0.0990794,0.0310821,0.877151,-0.0839372,-0.0477007,0.120421
1.6434e+09,-0.46339,0.0950856,0.0284411,0.880579,-0.0850823,-0.0464736,0.120092
1.6434e+09,-0.451413,0.0893027,0.0236855,0.887519,-0.0852627,-0.0448442,0.120839
1.6434e+09,-0.43155,0.0828307,0.0200843,0.898054,-0.0822004,-0.0405116,0.121853
1.6434e+09,-0.389599,0.0785351,0.0143754,0.917517,-0.0813532,-0.0124817,0.136161
1.6434e+09,-0.343789,0.0726677,0.00919644,0.936186,-0.0797997,-0.00306623,0.140306
1.6434e+09,-0.298059,0.0638737,0.0051115,0.952394,-0.0733263,-0.0061807,0.137991
1.6434e+09,-0.23895,0.0554072,0.00131675,0.969449,-0.0687532,0.000747599,0.153087
1.6434e+09,-0.178724,0.0452766,-0.00228307,0.982854,-0.0627423,0.0130852,0.160703
1.6434e+09,-0.114187,0.0411009,-0.0056658,0.992592,-0.0589358,0.0203572,0.178159
1.6434e+09,-0.047416,0.0332953,-0.0111986,0.998257,-0.0532726,0.0247062,0.19532
1.6434e+09,0.0151966,0.0235238,-0.0161406,0.999477,-0.0467664,0.029805,0.205946
1.6434e+09,0.0792621,0.0142763,-0.017856,0.996592,-0.0441429,0.0319612,0.217511
1.6434e+09,0.143714,0.00488261,-0.0239364,0.989318,-0.0388047,0.0296906,0.228121
1.6434e+09,0.205298,-0.00815266,-0.0325031,0.978126,-0.0353613,0.0250559,0.237238
1.6434e+09,0.266059,-0.0129771,-0.0354216,0.963218,-0.037144,0.015887,0.247615
1.6434e+09,0.313215,-0.0155096,-0.0362325,0.948864,-0.0393305,0.0102337,0.251098
1.6434e+09,0.348023,-0.0213019,-0.041774,0.936313,-0.0394954,0.00224642,0.252835
1.6434e+09,0.382291,-0.023406,-0.0477998,0.922508,-0.0400694,-0.00444857,0.255987
1.6434e+09,0.413792,-0.0193676,-0.0506694,0.908754,-0.0404559,-0.00796678,0.258878
1.6434e+09,0.437724,-0.0162527,-0.0555573,0.897244,-0.0389813,-0.0103426,0.258891
1.6434e+09,0.451007,-0.0145785,-0.0592325,0.890434,-0.0366021,-0.0119711,0.257576
1.6434e+09,0.454563,-0.0143548,-0.0588093,0.888655,-0.0358951,-0.00751431,0.256396
1.6434e+09,0.454813,-0.0134587,-0.0539585,0.888849,-0.0354786,-0.00527949,0.256148
1.6434e+09,0.44802,-0.012382,-0.0490558,0.892591,-0.0369164,-0.00215692,0.256938
1.6434e+09,0.42751,-0.00837736,-0.0442759,0.902887,-0.0366613,0.00158747,0.254937
1.6434e+09,0.390712,-0.00444931,-0.0391692,0.919668,-0.0359578,0.00686806,0.251593
1.6434e+09,0.344704,-0.000857304,-0.0331556,0.938125,-0.035805,0.0133963,0.246991
1.6434e+09,0.292209,0.000998852,-0.0263827,0.95599,-0.0347789,0.015328,0.242574
1.6434e+09,0.239142,0.000901605,-0.020009,0.970778,-0.0359689,0.0194622,0.239797
1.6434e+09,0.189261,6.79193e-05,-0.0167268,0.981784,-0.035548,0.0220892,0.236525
1.6434e+09,0.13977,-0.00100714,-0.0121532,0.990109,-0.0363952,0.0227018,0.231769
1.6434e+09,0.0944065,0.00355668,-0.00450508,0.995517,-0.0367904,0.0206685,0.226921
1.6434e+09,0.0551843,0.0127734,0.00676996,0.998372,-0.0410979,0.0170471,0.223269
1.6434e+09,0.0299642,0.0172289,0.018125,0.999238,-0.0465932,0.0135472,0.221438
1.6434e+09,0.0163649,0.0168835,0.0241999,0.999431,-0.0511597,0.011564,0.217749
1.6434e+09,0.0110208,0.0186393,0.0260612,0.999426,-0.0543884,0.0109405,0.216452
1.6434e+09,0.00871976,0.020722,0.0253733,0.999425,-0.0563831,0.0116229,0.215086
1.6434e+09,0.00412801,0.0233515,0.0227463,0.99946,-0.0566561,0.0121532,0.21461
1.6434e+09,-0.00145784,0.0267699,0.0149259,0.999529,-0.0579981,0.0158371,0.207074
1.6434e+09,-0.00685485,0.030369,-0.0129048,0.999432,-0.0509914,0.0225097,0.201267
1.6434e+09,-0.00940693,0.0341277,-0.0519,0.998025,-0.043693,0.0286304,0.200849
1.6434e+09,-0.0153898,0.0332881,-0.088315,0.995417,-0.0353144,0.0285599,0.199059
1.6434e+09,-0.0211304,0.0320396,-0.124375,0.991493,-0.0367927,0.0383079,0.195828
1.6434e+09,-0.0273646,0.0278597,-0.154476,0.987224,-0.0346273,0.0410401,0.191113
1.6434e+09,-0.0314679,0.025909,-0.177742,0.983233,-0.0307892,0.0403568,0.187953
1.6434e+09,-0.0356344,0.0233422,-0.202885,0.978276,-0.0249511,0.0386656,0.181888
1.6434e+09,-0.0403623,0.0180847,-0.22674,0.972951,-0.0182352,0.0361059,0.184395
1.6434e+09,-0.0426384,0.0139515,-0.24275,0.969051,-0.0137967,0.0335646,0.183466
1.6434e+09,-0.041953,0.0127686,-0.247712,0.967841,-0.012012,0.0302646,0.183653
1.6434e+09,-0.0416198,0.0125155,-0.248088,0.967762,-0.0117962,0.0274832,0.183449
1.6434e+09,-0.0411501,0.00996319,-0.243559,0.968961,-0.0132526,0.0250075,0.184976
1.6434e+09,-0.038599,0.00749297,-0.231629,0.972009,-0.017959,0.0231427,0.186052
1.6434e+09,-0.0329655,0.00917316,-0.208397,0.977446,-0.0268768,0.0190298,0.19197
1.6434e+09,-0.0274407,0.00916632,-0.179169,0.983393,-0.0384059,0.0131192,0.197013
1.6434e+09,-0.022334,0.00777392,-0.146387,0.988945,-0.0505004,0.00610122,0.202789
1.6434e+09,-0.0191949,0.00743982,-0.108976,0.993831,-0.062917,-0.00234985,0.204272
1.6434e+09,-0.0163959,0.00526183,-0.0681554,0.997526,-0.0762893,-0.0133551,0.207222
1.6434e+09,-0.0126625,0.0002373,-0.0289492,0.999501,-0.0866802,-0.0262058,0.207342
1.6434e+09,-0.00868618,-0.00261033,0.00623857,0.999939,-0.0961348,-0.0381783,0.2071
1.6434e+09,-0.00522162,0.00115612,0.037298,0.99929,-0.104574,-0.0504394,0.20726
1.6434e+09,-0.00506801,0.00641693,0.0637319,0.997934,-0.111664,-0.0614279,0.205842
1.6434e+09,-0.00367749,0.00667944,0.0873096,0.996152,-0.120004,-0.0703904,0.206218
1.6434e+09,-0.00352593,0.00928813,0.113793,0.993455,-0.129936,-0.0784272,0.210733
1.6434e+09,-0.00617806,0.0147211,0.140887,0.989897,-0.140417,-0.0834036,0.200774
1.6434e+09,-0.00997987,0.0242355,0.163328,0.986224,-0.145531,-0.0865948,0.195779
1.6434e+09,-0.0122589,0.0254252,0.181065,0.983066,-0.150918,-0.0878476,0.191455
1.6434e+09,-0.0130818,0.0236618,0.198389,0.97975,-0.157177,-0.088444,0.188271
1.6434e+09,-0.0122658,0.0238047,0.209284,0.977488,-0.159596,-0.0884409,0.188333
1.6434e+09,-0.0136394,0.0227575,0.21586,0.976064,-0.160593,-0.0877572,0.186715
1.6434e+09,-0.0152061,0.022229,0.21697,0.975807,-0.161751,-0.0880628,0.1847
1.6434e+09,-0.0154135,0.0194008,0.211491,0.977066,-0.16183,-0.0866818,0.184241
1.6434e+09,-0.0184961,0.0138094,0.198161,0.979898,-0.161638,-0.0848778,0.185394
1.6434e+09,-0.0230378,0.0136465,0.172223,0.984694,-0.157237,-0.0788387,0.181196
1.6434e+09,-0.0297059,0.0179154,0.129324,0.990995,-0.144311,-0.0717596,0.182237
1.6434e+09,-0.0349789,0.0121075,0.0808054,0.996042,-0.130303,-0.0636657,0.185359
1.6434e+09,-0.0393979,0.00583686,0.0268466,0.998846,-0.113691,-0.0549524,0.18686
1.6434e+09,-0.0398874,0.00069092,-0.033648,0.998637,-0.0937515,-0.0462975,0.191333
1.6434e+09,-0.0380833,0.00337911,-0.0833246,0.995789,-0.0809926,-0.0424541,0.19032
1.6434e+09,-0.0373493,0.00880952,-0.120315,0.991994,-0.073536,-0.0388773,0.183697
1.6434e+09,-0.036238,0.0132905,-0.151224,0.987746,-0.0670326,-0.0392101,0.17734
1.6434e+09,-0.0352898,0.0115415,-0.183416,0.982334,-0.0566602,-0.041209,0.173943
1.6434e+09,-0.0374236,0.00463787,-0.21555,0.975764,-0.0464846,-0.0414274,0.172148
1.6434e+09,-0.0384012,0.00055756,-0.241438,0.969656,-0.0372996,-0.0414176,0.171783
1.6434e+09,-0.0383826,-0.00230997,-0.260221,0.964783,-0.0304993,-0.0399391,0.169281
1.6434e+09,-0.0374938,-0.00346832,-0.266971,0.962969,-0.0286472,-0.0379887,0.167474
1.6434e+09,-0.0355654,-0.0019049,-0.264844,0.963633,-0.0281886,-0.0365001,0.165637
1.6434e+09,-0.0341768,-0.00284712,-0.259478,0.96514,-0.0298399,-0.0334776,0.166072
1.6434e+09,-0.0336286,-0.00709729,-0.25048,0.967511,-0.0322735,-0.0297422,0.168034
1.6434e+09,-0.0335221,-0.00896904,-0.242416,0.969551,-0.0349421,-0.026942,0.170115
1.6434e+09,-0.0336871,-0.00991494,-0.237007,0.970873,-0.0363673,-0.0251958,0.170377
1.6434e+09,-0.0317862,-0.0105897,-0.23221,0.972088,-0.0399797,-0.0240523,0.171101
1.6434e+09,-0.0290148,-0.00925909,-0.224741,0.973943,-0.043352,-0.0251277,0.171653
1.6434e+09,-0.0271587,-0.00605033,-0.213022,0.976651,-0.0482982,-0.0264458,0.169701
1.6434e+09,-0.023936,-0.0023697,-0.190469,0.981398,-0.055342,-0.027058,0.168397
1.6434e+09,-0.0199787,0.00301993,-0.159388,0.987009,-0.0651327,-0.0286142,0.167649
1.6434e+09,-0.0178752,0.00349592,-0.12695,0.991742,-0.0737464,-0.0314799,0.171022
1.6434e+09,-0.0155246,0.00121048,-0.0932176,0.995524,-0.0838291,-0.0351048,0.175354
1.6434e+09,-0.0127279,-0.00250512,-0.0573158,0.998272,-0.0949279,-0.0403593,0.182285
1.6434e+09,-0.0107088,-0.00662969,-0.0210612,0.999699,-0.107344,-0.0465282,0.187657
1.6434e+09,-0.0125531,-0.0101352,0.0153578,0.999752,-0.119274,-0.051581,0.189065
1.6434e+09,-0.01498,-0.0104423,0.0509589,0.998534,-0.129884,-0.0564004,0.191838
1.6434e+09,-0.0169869,-0.00792815,0.0800306,0.996616,-0.13756,-0.0595905,0.190554
1.6434e+09,-0.0181093,-0.00310824,0.10616,0.994179,-0.146219,-0.0618079,0.184626
1.6434e+09,-0.0171438,0.000907345,0.130999,0.991234,-0.155368,-0.0638421,0.187512
1.6434e+09,-0.0186498,0.00412172,0.153343,0.987988,-0.162453,-0.0645491,0.184251
1.6434e+09,-0.0193131,0.00362803,0.174249,0.984505,-0.169969,-0.0644898,0.182515
1.6434e+09,-0.0210771,0.00076281,0.196418,0.980293,-0.177862,-0.0653482,0.182133
1.6434e+09,-0.022555,0.000236758,0.211009,0.977224,-0.181845,-0.065197,0.180869
1.6434e+09,-0.0228418,-0.000276488,0.217418,0.975811,-0.182236,-0.0645106,0.180831
1.6434e+09,-0.0237691,-0.00226389,0.218312,0.975587,-0.182816,-0.0644163,0.180577
1.6434e+09,-0.0236753,-0.00255448,0.215528,0.976207,-0.184526,-0.0655082,0.181198
1.6434e+09,-0.0240177,-0.00428654,0.205487,0.978356,-0.183861,-0.0655781,0.181207
1.6434e+09,-0.0263837,-0.00584017,0.185024,0.982362,-0.182262,-0.0639728,0.180979
1.6434e+09,-0.0324144,-0.00153279,0.148488,0.988382,-0.173049,-0.0601459,0.175076
1.6434e+09,-0.033375,-0.00589381,0.0991449,0.994496,-0.159575,-0.0558366,0.179439
1.6434e+09,-0.0323681,-0.0118597,0.0550375,0.997889,-0.146653,-0.0525815,0.180395
1.6434e+09,-0.0314657,-0.0150257,0.0124063,0.999315,-0.132509,-0.0491977,0.181847
1.6434e+09,-0.0263358,-0.0222326,-0.0194696,0.999216,-0.126491,-0.0459588,0.186146
1.6434e+09,-0.0217542,-0.0244053,-0.038493,0.998724,-0.120496,-0.0429143,0.185917
1.6434e+09,-0.0184954,-0.0225317,-0.0576667,0.99791,-0.114192,-0.0412483,0.182113
1.6434e+09,-0.0131329,-0.0216608,-0.0752765,0.996841,-0.109621,-0.0406365,0.181725
1.6434e+09,-0.0086838,-0.0181008,-0.0837541,0.996284,-0.107138,-0.040753,0.183358
1.6434e+09,-0.00832232,-0.0120305,-0.0911375,0.995731,-0.103597,-0.0422137,0.17783
1.6434e+09,-0.00168844,-0.0110542,-0.0952418,0.995391,-0.100804,-0.0450844,0.177988
1.6434e+09,0.000682064,0.00648301,-0.0955103,0.995407,-0.0997139,-0.0456398,0.17197
1.6434e+09,0.0013944,0.0353413,-0.0920312,0.995128,-0.0994773,-0.0459381,0.164583
1.6434e+09,0.00140074,0.0603052,-0.0871928,0.994363,-0.0994174,-0.0460141,0.156916
1.6434e+09,0.00290125,0.0833829,-0.0829365,0.993056,-0.101043,-0.0453028,0.147186
1.6434e+09,0.00817607,0.105071,-0.0810952,0.991119,-0.100933,-0.0456814,0.142874
1.6434e+09,0.0127565,0.122198,-0.0797358,0.989215,-0.10197,-0.0446385,0.135505
1.6434e+09,0.0157474,0.136357,-0.0784612,0.987422,-0.104364,-0.0432846,0.129394
1.6434e+09,0.0175803,0.147957,-0.0770028,0.985835,-0.108752,-0.040652,0.127635
1.6434e+09,0.0196781,0.156248,-0.0734874,0.984784,-0.110571,-0.0412483,0.126546
1.6434e+09,0.0210765,0.163355,-0.0704643,0.983822,-0.113325,-0.0405202,0.12423
1.6434e+09,0.0234775,0.173122,-0.0680541,0.982266,-0.116034,-0.0397472,0.119328
1.6434e+09,0.0252087,0.181588,-0.0652838,0.980881,-0.116333,-0.0396532,0.118435
1.6434e+09,0.0276376,0.189656,-0.0626043,0.979463,-0.122366,-0.0387745,0.111409
1.6434e+09,0.0292733,0.195952,-0.0601519,0.978329,-0.126375,-0.0388649,0.108676
1.6434e+09,0.0295444,0.197871,-0.0591969,0.977993,-0.129103,-0.0392912,0.106744
1.6434e+09,0.0287187,0.194475,-0.0589374,0.978714,-0.130816,-0.0401534,0.107398
1.6434e+09,0.0265205,0.180719,-0.0592433,0.981391,-0.133306,-0.0408194,0.112179
1.6434e+09,0.0226436,0.152738,-0.0600283,0.986182,-0.134605,-0.0420524,0.122023
1.6434e+09,0.0170908,0.120493,-0.0607241,0.990708,-0.134819,-0.0427395,0.132284
1.6434e+09,0.0128405,0.0879304,-0.0622253,0.994098,-0.134231,-0.0438292,0.1432
1.6434e+09,0.0102364,0.0524284,-0.0643866,0.996494,-0.13423,-0.0443715,0.154165
1.6434e+09,0.00813824,0.0168444,-0.0667127,0.997597,-0.134077,-0.0456263,0.166081
1.6434e+09,0.00561424,-0.0159066,-0.0685537,0.997505,-0.134237,-0.0467075,0.172904
1.6434e+09,0.00349637,-0.0372312,-0.0692877,0.996896,-0.135639,-0.047408,0.181496
1.6434e+09,0.0018187,-0.0568302,-0.0702512,0.995908,-0.135752,-0.0474166,0.180357
1.6434e+09,-0.000755141,-0.0721528,-0.0707035,0.994884,-0.137626,-0.0472707,0.18173
1.6434e+09,-0.00341787,-0.0873389,-0.0714796,0.993605,-0.138069,-0.0482622,0.185401
1.6434e+09,-0.00551391,-0.0949135,-0.0710729,0.99293,-0.138451,-0.048856,0.191037
1.6434e+09,-0.00652607,-0.0991054,-0.0704866,0.992556,-0.139003,-0.0476544,0.186727
1.6434e+09,-0.00653933,-0.0979993,-0.0688649,0.992779,-0.139199,-0.0471055,0.186746
1.6434e+09,-0.00588106,-0.0899488,-0.0664288,0.993711,-0.138899,-0.047245,0.186357
1.6434e+09,-0.00456485,-0.0724868,-0.0637112,0.995322,-0.137246,-0.0468927,0.183099
1.6434e+09,-0.00265075,-0.042716,-0.0606626,0.99724,-0.135178,-0.0451121,0.176087
1.6434e+09,5.41296e-05,-0.00946264,-0.0574237,0.998305,-0.133718,-0.044091,0.168396
1.6434e+09,0.00242499,0.0217694,-0.0523364,0.998389,-0.133153,-0.0425068,0.160216
1.6434e+09,0.00460843,0.0602115,-0.0450701,0.997157,-0.130184,-0.0435018,0.155277
1.6434e+09,0.00530365,0.101808,-0.0390699,0.994022,-0.131376,-0.0405197,0.142064
1.6434e+09,0.00410074,0.128398,-0.0371944,0.991016,-0.128525,-0.0402328,0.138659
1.6434e+09,0.00261585,0.166522,-0.0328596,0.985487,-0.131876,-0.0381611,0.126761
1.6434e+09,0.00429461,0.18831,-0.0328036,0.981552,-0.13305,-0.0366166,0.119973
1.6434e+09,0.00708112,0.201008,-0.0307727,0.97908,-0.134968,-0.0362635,0.113783
1.6434e+09,0.00844962,0.209534,-0.030092,0.977302,-0.136245,-0.0354835,0.10855
1.6434e+09,0.00922174,0.211257,-0.029217,0.97695,-0.137835,-0.0347708,0.105549
1.6434e+09,0.00852116,0.206669,-0.0287752,0.977951,-0.138462,-0.0348968,0.10626
1.6434e+09,0.00772536,0.201696,-0.0284692,0.979004,-0.139662,-0.0357035,0.106811
1.6434e+09,0.00617489,0.191506,-0.0289676,0.981044,-0.139835,-0.0358452,0.107554
1.6434e+09,0.00516842,0.172298,-0.0308146,0.984549,-0.139168,-0.0354404,0.112106
1.6434e+09,0.00522554,0.139548,-0.0339676,0.989619,-0.139374,-0.0360895,0.121153
1.6434e+09,0.00374296,0.0922949,-0.0368703,0.995042,-0.139893,-0.037236,0.129381
1.6434e+09,0.00242744,0.0525663,-0.039961,0.997815,-0.140398,-0.03758,0.139028
1.6434e+09,0.00113852,0.0173847,-0.0421546,0.998959,-0.142273,-0.0378482,0.146158
1.6434e+09,-0.00163494,-0.0153459,-0.0432154,0.998947,-0.144111,-0.0375306,0.153345
1.6434e+09,-0.00326838,-0.0495168,-0.0430921,0.997838,-0.147575,-0.0373455,0.157663
1.6434e+09,-0.00518943,-0.0802692,-0.0434024,0.995814,-0.149114,-0.0369288,0.162498
1.6434e+09,-0.00647266,-0.105895,-0.0441056,0.993378,-0.149901,-0.0361481,0.167565
1.6434e+09,-0.00765784,-0.123696,-0.0437647,0.991325,-0.152223,-0.036504,0.17587
1.6434e+09,-0.00751356,-0.128138,-0.0426947,0.990808,-0.152249,-0.0358142,0.174079
1.6434e+09,-0.00620388,-0.122755,-0.041595,0.991546,-0.151842,-0.0363459,0.172736
1.6434e+09,-0.00382906,-0.108191,-0.0407914,0.993286,-0.15063,-0.0355815,0.171124
1.6434e+09,-0.000745705,-0.0876467,-0.0405061,0.995327,-0.148351,-0.0358613,0.167984
1.6434e+09,0.00142565,-0.0705036,-0.0404308,0.996691,-0.146564,-0.0360789,0.165894
1.6434e+09,0.00397681,-0.0383677,-0.0402769,0.998444,-0.143477,-0.0361592,0.160752
1.6434e+09,0.00419437,-0.000717397,-0.0412861,0.999138,-0.140809,-0.0355437,0.152231
1.6434e+09,0.00645926,0.0273736,-0.0405011,0.998784,-0.140427,-0.0344775,0.145207
1.6434e+09,0.0106398,0.0406909,-0.0399183,0.998317,-0.139254,-0.0339635,0.141537
1.6434e+09,0.0125379,0.0435582,-0.0399694,0.998172,-0.13893,-0.0335373,0.138528
1.6434e+09,0.0128912,0.0420366,-0.039464,0.998253,-0.138843,-0.0337648,0.140893
1.6434e+09,0.0115032,0.0398812,-0.0386967,0.998389,-0.138335,-0.0337999,0.139116
1.6434e+09,0.0113977,0.0398922,-0.0379187,0.998419,-0.138565,-0.034047,0.139533
1.6434e+09,0.0124131,0.0406371,-0.0376006,0.998389,-0.137967,-0.0341442,0.139233
1.6434e+09,0.0141192,0.0417011,-0.0366057,0.99836,-0.13769,-0.0343176,0.139369
1.6434e+09,0.0140255,0.0434654,-0.0331597,0.998406,-0.136988,-0.0357015,0.137458
1.6434e+09,0.013975,0.0484922,-0.0292469,0.998297,-0.137172,-0.0372565,0.13641
1.6434e+09,0.0156659,0.0553265,-0.0287308,0.997932,-0.134907,-0.0393087,0.136247
1.6434e+09,0.0176938,0.0659339,-0.0304374,0.997203,-0.133092,-0.0404239,0.14364
1.6434e+09,0.0171465,0.0723726,-0.0345802,0.996631,-0.129294,-0.0414413,0.163201
1.6434e+09,0.0104109,0.0704222,-0.0398632,0.996666,-0.126298,-0.0430071,0.188885
1.6434e+09,-0.000275309,0.0672852,-0.0430263,0.996806,-0.12454,-0.0455343,0.219863
1.6434e+09,-0.00198091,0.0663261,-0.0437621,0.996836,-0.124116,-0.0492546,0.253256
1.6434e+09,0.00740744,0.0788659,-0.0429073,0.995934,-0.123269,-0.0554844,0.293057
1.6434e+09,0.0134641,0.0844678,-0.0431944,0.995398,-0.121906,-0.0637858,0.32944
1.6434e+09,0.00927498,0.0803726,-0.0435074,0.995772,-0.121337,-0.0726443,0.358172
1.6434e+09,0.00201984,0.0777323,-0.043289,0.996032,-0.120552,-0.0800387,0.386434
1.6434e+09,-0.00617918,0.0681406,-0.0422424,0.996762,-0.123619,-0.0870816,0.413412
1.6434e+09,-0.0132289,0.0554749,-0.0405778,0.997547,-0.125624,-0.0932658,0.439182
1.6434e+09,-0.014279,0.0498743,-0.0427206,0.997739,-0.124921,-0.0984318,0.461056
1.6434e+09,-0.0130392,0.044831,-0.0497435,0.99767,-0.121894,-0.103419,0.477149
1.6434e+09,-0.0156935,0.0373512,-0.0541123,0.997713,-0.119579,-0.106486,0.477203
1.6434e+09,-0.00766476,0.0453118,-0.0544307,0.997459,-0.121329,-0.106511,0.460745
1.6434e+09,0.0100636,0.0573964,-0.0512952,0.996982,-0.124049,-0.104818,0.430932
1.6434e+09,0.0258083,0.0731304,-0.0475489,0.995854,-0.129318,-0.0994087,0.391365
1.6434e+09,0.0382982,0.0876722,-0.044895,0.9944,-0.133746,-0.0931143,0.348497
1.6434e+09,0.0438032,0.0921725,-0.0470841,0.993664,-0.137679,-0.0868808,0.308549
1.6434e+09,0.0379691,0.0785752,-0.0536251,0.99474,-0.139036,-0.0804486,0.268696
1.6434e+09,0.0303595,0.063883,-0.0585241,0.995777,-0.141059,-0.0720847,0.230182
1.6434e+09,0.0246801,0.0383127,-0.0566103,0.997356,-0.144032,-0.0656104,0.197147
1.6434e+09,0.0173967,0.0172775,-0.0568729,0.99808,-0.142945,-0.0606695,0.158298
1.6434e+09,0.0147408,0.0134995,-0.0594205,0.998033,-0.142067,-0.0542924,0.124244
1.6434e+09,0.0160074,0.00991715,-0.0589126,0.998086,-0.142869,-0.0527384,0.102523
1.6434e+09,0.0168967,0.0094641,-0.057304,0.998169,-0.142238,-0.0510859,0.0788452
1.6434e+09,0.0154119,0.00703142,-0.0564215,0.998263,-0.141776,-0.0498018,0.0544124
1.6434e+09,0.0141298,0.000991053,-0.0564865,0.998303,-0.141564,-0.0487675,0.0425299
1.6434e+09,0.0135757,0.00152018,-0.0583998,0.9982,-0.140121,-0.0475511,0.0322988
1.6434e+09,0.00818193,0.00137708,-0.0599551,0.998167,-0.138886,-0.0459774,0.0177753
1.6434e+09,0.00188479,0.0056154,-0.0595574,0.998207,-0.136742,-0.0447159,0.00814044
1.6434e+09,0.00250752,0.00878108,-0.0603763,0.998134,-0.134238,-0.0444956,0.00236974
1.6434e+09,0.00256662,0.00967728,-0.0620362,0.998024,-0.133228,-0.0442594,0.000545199
1.6434e+09,0.000883921,0.0125772,-0.062696,0.997953,-0.132095,-0.0441977,0.00822932
1.6434e+09,0.00114526,0.0161514,-0.0629682,0.997884,-0.130447,-0.0451502,0.025114
1.6434e+09,0.00096949,0.0291814,-0.0634257,0.997559,-0.126524,-0.0471339,0.0481072
1.6434e+09,0.0027246,0.0641865,-0.0660921,0.995743,-0.119007,-0.0481829,0.0866869
1.6434e+09,0.00879078,0.0785439,-0.0739667,0.994124,-0.11281,-0.050893,0.133259
1.6434e+09,0.00762698,0.0840845,-0.0788567,0.993304,-0.105969,-0.0537991,0.175235
1.6434e+09,0.00177985,0.0789971,-0.0794943,0.993699,-0.10067,-0.056791,0.213608
1.6434e+09,0.000223161,0.0727944,-0.0733608,0.994645,-0.100052,-0.0591011,0.257105
1.6434e+09,-0.00165135,0.0640819,-0.0630731,0.995948,-0.101167,-0.0609863,0.300253
1.6434e+09,-0.0013626,0.0583091,-0.054198,0.996825,-0.0996954,-0.0618469,0.343478
1.6434e+09,-0.00467918,0.0470868,-0.0458125,0.997829,-0.0989978,-0.0614064,0.377755
1.6434e+09,-0.0143652,0.0426886,-0.0386402,0.998238,-0.100388,-0.0587522,0.406999
1.6434e+09,-0.0265812,0.0377839,-0.0314206,0.998438,-0.102626,-0.0557672,0.429514
1.6434e+09,-0.03666,0.0280286,-0.0235686,0.998657,-0.106121,-0.0516168,0.447329
1.6434e+09,-0.0400446,0.0174528,-0.0158817,0.998919,-0.110809,-0.0477892,0.459516
1.6434e+09,-0.0394034,0.014796,-0.0106655,0.999057,-0.111137,-0.0439596,0.448795
1.6434e+09,-0.0295601,0.0258628,-0.00672895,0.999206,-0.113139,-0.039447,0.422163
1.6434e+09,-0.0204961,0.0317514,-0.00410064,0.999277,-0.113958,-0.0354862,0.391131
1.6434e+09,-0.0163269,0.0353331,-0.00655215,0.999221,-0.112082,-0.0316192,0.349698
1.6434e+09,-0.0170682,0.0333337,-0.0100498,0.999248,-0.112407,-0.0270322,0.305336
1.6434e+09,-0.0202938,0.0204792,-0.010385,0.99953,-0.113565,-0.0236605,0.256641
1.6434e+09,-0.0222859,0.0148088,-0.00992652,0.999593,-0.11407,-0.02026,0.212865
1.6434e+09,-0.0227624,0.00639629,-0.00638499,0.9997,-0.116281,-0.0172629,0.174091
1.6434e+09,-0.0232821,-0.00246927,-0.00417441,0.999717,-0.117478,-0.0153631,0.143308
1.6434e+09,-0.0220223,-0.00887809,-0.00307291,0.999713,-0.119005,-0.0129409,0.113487
1.6434e+09,-0.0196147,-0.0106202,-0.00330155,0.999746,-0.118605,-0.00876511,0.081835
1.6434e+09,-0.0171625,-0.00561784,-0.00352308,0.999831,-0.119911,-0.00338843,0.0527908
1.6434e+09,-0.017764,-0.00464518,-0.00141512,0.99983,-0.121963,0.000410868,0.0278205
1.6434e+09,-0.0212725,-0.00603081,-0.0019975,0.999753,-0.122856,0.00342339,0.00788837
1.6434e+09,-0.0212743,-9.80971e-06,-0.0021497,0.999771,-0.12345,0.00379457,-0.00478812
1.6434e+09,-0.0237965,0.000548563,-0.00148781,0.999716,-0.12404,0.00328888,-0.0107019
1.6434e+09,-0.0277055,-0.00783643,-0.000962556,0.999585,-0.123097,0.00293535,-0.0141626
1.6434e+09,-0.0285144,-0.00705599,-0.00126102,0.999568,-0.121262,0.00186963,-0.0167469
1.6434e+09,-0.0247594,-0.00610163,-0.00133408,0.999674,-0.12221,0.00160038,-0.0145146
1.6434e+09,-0.0228037,-0.00723694,-0.00262393,0.99971,-0.125036,-0.00011718,0.0039887
1.6434e+09,-0.0211825,0.0045428,-0.0058465,0.999748,-0.125015,-0.00150508,0.0291866
1.6434e+09,-0.016814,0.0186097,-0.0144053,0.999582,-0.124527,-0.00351566,0.0712805
1.6434e+09,-0.0113085,0.0370467,-0.0281741,0.998852,-0.11887,-0.00703499,0.123746
1.6434e+09,-0.00835649,0.0509149,-0.0411709,0.997819,-0.114276,-0.00962653,0.176731
1.6434e+09,-0.00724334,0.054641,-0.0486245,0.997295,-0.109274,-0.0147737,0.229068
1.6434e+09,-0.0102848,0.0564571,-0.0502545,0.997086,-0.106674,-0.0207071,0.273451
1.6434e+09,-0.0117255,0.0620256,-0.0478852,0.996856,-0.104906,-0.0279964,0.317412
1.6434e+09,-0.0141485,0.0531853,-0.0505337,0.997205,-0.101287,-0.035431,0.361495
1.6434e+09,-0.0237283,0.0326781,-0.0545846,0.997692,-0.0933154,-0.0447216,0.394906
1.6434e+09,-0.0325013,0.0249688,-0.0659468,0.996981,-0.0835817,-0.0518246,0.424933
1.6434e+09,-0.0384371,0.0133063,-0.0673959,0.996897,-0.0820764,-0.0580376,0.449017
1.6434e+09,-0.0418547,0.0108996,-0.0624623,0.99711,-0.0840836,-0.061601,0.460466
1.6434e+09,-0.0419679,0.0138581,-0.0596441,0.997241,-0.0861048,-0.0628939,0.45575
1.6434e+09,-0.0358668,0.0249552,-0.0610383,0.997179,-0.0855822,-0.0625633,0.438145
1.6434e+09,-0.0294052,0.0339377,-0.0600222,0.997186,-0.0868541,-0.0614176,0.412074
1.6434e+09,-0.0227301,0.0421886,-0.056383,0.997258,-0.0881483,-0.0604613,0.379763
1.6434e+09,-0.0148223,0.0530541,-0.0549946,0.996966,-0.0907213,-0.0581825,0.347893
1.6434e+09,-0.00970898,0.0531324,-0.0542605,0.997065,-0.0938955,-0.0550145,0.316162
1.6434e+09,-0.00830942,0.0504444,-0.0547027,0.997193,-0.0965492,-0.0506607,0.28241
1.6434e+09,-0.0136615,0.0498848,-0.0561925,0.997079,-0.0984124,-0.0466805,0.244868
1.6434e+09,-0.0219406,0.0418464,-0.0555037,0.99734,-0.102377,-0.0403365,0.207832
1.6434e+09,-0.0235853,0.0286969,-0.0515781,0.997978,-0.106573,-0.0361699,0.177008
1.6434e+09,-0.0254582,0.0152082,-0.0487166,0.998372,-0.109406,-0.0326618,0.144576
1.6434e+09,-0.0257578,0.0111186,-0.0478743,0.998459,-0.111647,-0.0290169,0.110932
1.6434e+09,-0.0258742,0.00904843,-0.0445472,0.998631,-0.113578,-0.0280499,0.0799577
1.6434e+09,-0.0240066,0.0036642,-0.0429565,0.998782,-0.114544,-0.0277756,0.0532298
1.6434e+09,-0.0218927,-0.00788617,-0.0434207,0.998786,-0.114049,-0.0270375,0.031352
1.6434e+09,-0.0198301,-0.0103692,-0.0447028,0.99875,-0.112956,-0.0256785,0.0147738
1.6434e+09,-0.0174315,-0.00798185,-0.0449247,0.998806,-0.112834,-0.0257476,0.00144326
1.6434e+09,-0.0171225,-0.00401638,-0.0440668,0.998874,-0.113386,-0.0261679,-0.0138968
1.6434e+09,-0.0142835,0.00197205,-0.0412062,0.999047,-0.114965,-0.0256614,-0.026457
1.6434e+09,-0.0100371,0.0044767,-0.0408574,0.999105,-0.115676,-0.0275394,-0.0209219
1.6434e+09,-0.0114192,0.000103963,-0.0398812,0.999139,-0.118501,-0.0277299,-0.00985611
1.6434e+09,-0.0151491,0.00190531,-0.037146,0.999193,-0.119872,-0.0271147,0.0119477
1.6434e+09,-0.0153533,0.00544274,-0.0356661,0.999231,-0.120019,-0.0264184,0.0468789
1.6434e+09,-0.012989,0.0110215,-0.0332885,0.999301,-0.119,-0.0261021,0.0846542
1.6434e+09,-0.0170735,0.0164887,-0.0292378,0.999291,-0.121269,-0.0216627,0.112271
1.6434e+09,-0.0178295,0.0169407,-0.0243474,0.999401,-0.12193,-0.0235436,0.137683
1.6434e+09,-0.0217688,0.017661,-0.0193848,0.999419,-0.125273,-0.0232988,0.152718
1.6434e+09,-0.0199126,0.0177223,-0.0126121,0.999565,-0.129914,-0.0232374,0.159099
1.6434e+09,-0.0160695,0.0208014,-0.00824201,0.99962,-0.131885,-0.0213322,0.158716
1.6434e+09,-0.012113,0.0243106,-0.00614218,0.999612,-0.136751,-0.0151316,0.159862
1.6434e+09,-0.0104361,0.0255062,-0.00317786,0.999615,-0.141445,-0.00107421,0.16186
1.6434e+09,-0.0131452,0.0314427,-0.00501472,0.999407,-0.143819,0.0268391,0.161814
1.6434e+09,-0.0214162,0.0366426,-0.0096844,0.999052,-0.144883,0.0635139,0.156574
1.6434e+09,-0.0283481,0.0387453,-0.0152452,0.998731,-0.146055,0.10839,0.155589
1.6434e+09,-0.0313264,0.037061,-0.0201209,0.998619,-0.148239,0.157246,0.154403
1.6434e+09,-0.0331642,0.0322425,-0.0207255,0.998715,-0.151216,0.208035,0.155445
1.6434e+09,-0.0326984,0.0296028,-0.0189669,0.998847,-0.155684,0.257439,0.158028
1.6434e+09,-0.0322525,0.02736,-0.0170752,0.998959,-0.159242,0.302958,0.158543
1.6434e+09,-0.0307841,0.0231679,-0.0160405,0.999129,-0.161869,0.340607,0.159836
1.6434e+09,-0.0297836,0.0206045,-0.0126716,0.999264,-0.165516,0.368766,0.162145
1.6434e+09,-0.0317879,0.0210636,-0.00955313,0.999227,-0.168965,0.392358,0.15914
1.6434e+09,-0.0335216,0.0217322,-0.00863197,0.999164,-0.171112,0.40949,0.156454
1.6434e+09,-0.0349904,0.0235392,-0.00838227,0.999075,-0.17131,0.420668,0.154237
1.6434e+09,-0.0369186,0.0230596,-0.00767064,0.999023,-0.17168,0.426454,0.151481
1.6434e+09,-0.0360661,0.0216185,-0.00756143,0.999087,-0.170917,0.428222,0.151319
1.6434e+09,-0.0337161,0.0219198,-0.00887466,0.999152,-0.17005,0.422455,0.152304
1.6434e+09,-0.0311507,0.0183304,-0.0111427,0.999284,-0.169958,0.40897,0.152677
1.6434e+09,-0.0275597,0.0134762,-0.0112067,0.999466,-0.170511,0.3854,0.152791
1.6434e+09,-0.0270321,0.00893467,-0.011599,0.999527,-0.170735,0.35178,0.153734
1.6434e+09,-0.0253423,0.00607062,-0.0102505,0.999608,-0.174392,0.308284,0.154292
1.6434e+09,-0.0211452,0.00644609,-0.00813702,0.999723,-0.178356,0.257277,0.160126
1.6434e+09,-0.0188502,0.00569096,-0.00669495,0.999784,-0.185061,0.201747,0.165072
1.6434e+09,-0.0195378,0.00579981,-0.00467224,0.999781,-0.192056,0.142372,0.170759
1.6434e+09,-0.0208718,0.00261994,-0.00288884,0.999775,-0.198349,0.0813086,0.177911
1.6434e+09,-0.026664,0.00406324,-0.00474852,0.999625,-0.20112,0.0213038,0.179885
1.6434e+09,-0.0311553,0.0161356,-0.00958807,0.999338,-0.203938,-0.0351831,0.175924
1.6434e+09,-0.0304983,0.018391,-0.0277919,0.998979,-0.202564,-0.173895,0.172573
1.6434e+09,-0.0298621,0.00791704,-0.0300017,0.999072,-0.202993,-0.173097,0.172557
1.6434e+09,-0.025572,0.00957028,-0.0345708,0.999029,-0.195001,-0.219336,0.171866
1.6434e+09,-0.0260121,0.0133618,-0.0404553,0.998753,-0.203981,-0.282561,0.176812
1.6434e+09,-0.0210253,0.0147785,-0.054816,0.998166,-0.202274,-0.315807,0.178562
1.6434e+09,-0.0178804,0.0181935,-0.0707234,0.99717,-0.202677,-0.341944,0.176919
1.6434e+09,-0.0166835,0.0186707,-0.0829356,0.99624,-0.206169,-0.359103,0.175922
1.6434e+09,-0.0180139,0.0170101,-0.0915615,0.995491,-0.210311,-0.365954,0.173364
1.6434e+09,-0.0184746,0.0188932,-0.0964502,0.994987,-0.213763,-0.363389,0.170829
1.6434e+09,-0.0249717,0.0323336,-0.0966272,0.994482,-0.211636,-0.362949,0.168888
1.6434e+09,-0.0326435,0.0410884,-0.100608,0.993541,-0.209316,-0.343703,0.170081
1.6434e+09,-0.0321869,0.0453244,-0.104477,0.992972,-0.214943,-0.293909,0.166373
1.6434e+09,-0.0336385,0.0350773,-0.106221,0.993154,-0.211899,-0.254694,0.172666
1.6434e+09,-0.0383327,0.0324195,-0.0994505,0.993775,-0.211125,-0.242772,0.220484
1.6434e+09,-0.0378512,0.0346605,-0.0912399,0.994506,-0.212866,-0.236294,0.214767
1.6434e+09,-0.0350268,0.033759,-0.0829475,0.995366,-0.221885,-0.148382,0.181043
1.6434e+09,-0.0316337,0.0355896,-0.0741244,0.996112,-0.198941,-0.0456405,0.167426
1.6434e+09,-0.028827,0.0382541,-0.0722388,0.996236,-0.190938,0.0146075,0.159794
1.6434e+09,-0.0332319,0.0410895,-0.0768533,0.995641,-0.18285,0.0738104,0.15377
1.6434e+09,-0.0313016,0.0366533,-0.0781373,0.995777,-0.175761,0.127486,0.152162
1.6434e+09,-0.0268535,0.0365859,-0.0756956,0.996098,-0.169952,0.173592,0.151314
1.6434e+09,-0.0275609,0.0354029,-0.075006,0.996173,-0.164462,0.214305,0.149007
1.6434e+09,-0.0291482,0.0331362,-0.0750524,0.996203,-0.163074,0.249803,0.149447
1.6434e+09,-0.0317827,0.0253621,-0.0780341,0.996121,-0.161159,0.280884,0.148859
1.6434e+09,-0.0329688,0.0186833,-0.0825806,0.995864,-0.161223,0.308505,0.150143
1.6434e+09,-0.032799,0.0130925,-0.0842018,0.995823,-0.162997,0.33406,0.147806
1.6434e+09,-0.0328668,0.0106137,-0.0845037,0.995824,-0.163978,0.357506,0.147149
1.6434e+09,-0.0321099,0.00561886,-0.0815315,0.996138,-0.165534,0.377217,0.143478
1.6434e+09,-0.0296506,0.0042124,-0.0754708,0.996698,-0.168404,0.3924,0.144004
1.6434e+09,-0.028474,0.00233875,-0.071459,0.997034,-0.170637,0.40199,0.143068
1.6434e+09,-0.0282335,0.00354722,-0.0702886,0.997121,-0.172404,0.403115,0.144468
1.6434e+09,-0.033076,0.00717098,-0.0799755,0.996222,-0.170186,0.4,0.143778
1.6434e+09,-0.0331395,0.00920166,-0.085647,0.995732,-0.170366,0.381639,0.141051
1.6434e+09,-0.034163,0.0178125,-0.0902689,0.995172,-0.171675,0.362441,0.13828
1.6434e+09,-0.0330658,0.0197309,-0.0965075,0.994587,-0.172048,0.339018,0.13672
1.6434e+09,-0.0375939,0.02341,-0.102762,0.99372,-0.169566,0.310426,0.117313
1.6434e+09,-0.0407321,0.028332,-0.106806,0.993041,-0.177385,0.268529,0.13026
1.6434e+09,-0.0422723,0.02601,-0.0981282,0.993935,-0.18004,0.227168,0.132573
1.6434e+09,-0.0407919,0.0246626,-0.0926992,0.994552,-0.179767,0.182423,0.137762
1.6434e+09,-0.0359518,0.0221711,-0.0893377,0.995105,-0.177464,0.132294,0.143816
1.6434e+09,-0.035826,0.0230819,-0.0848628,0.995481,-0.176051,0.0783905,0.146528
1.6434e+09,-0.0384773,0.0230864,-0.0800049,0.995784,-0.175029,0.0214015,0.151111
1.6434e+09,-0.0400688,0.0175163,-0.0783191,0.995969,-0.174608,-0.03567,0.153912
1.6434e+09,-0.0436062,0.0170478,-0.0761994,0.995993,-0.175785,-0.091182,0.155341
1.6434e+09,-0.0456944,0.0186753,-0.0732908,0.996088,-0.181087,-0.144155,0.155828
1.6434e+09,-0.0488774,0.0171374,-0.0719836,0.99606,-0.187915,-0.191698,0.154209
1.6434e+09,-0.0512474,0.0108534,-0.0703045,0.996149,-0.197462,-0.233996,0.153637
1.6434e+09,-0.0565063,0.0055566,-0.0698467,0.995941,-0.205531,-0.266809,0.148972
1.6434e+09,-0.0559023,0.0055853,-0.0734212,0.995717,-0.212526,-0.29355,0.146196
1.6434e+09,-0.0533766,0.00390956,-0.0811921,0.995261,-0.217287,-0.314358,0.146017
1.6434e+09,-0.0528689,0.00588541,-0.0881452,0.994686,-0.220964,-0.328592,0.142113
1.6434e+09,-0.0508294,0.0094752,-0.0930386,0.994319,-0.22624,-0.338165,0.139543
1.6434e+09,-0.0454808,0.00633074,-0.0976798,0.994158,-0.230615,-0.338572,0.140635
1.6434e+09,-0.0424313,0.00588658,-0.101447,0.993918,-0.233189,-0.326809,0.142893
1.6434e+09,-0.0400393,0.00753161,-0.102866,0.99386,-0.235656,-0.301586,0.152537
1.6434e+09,-0.0358246,0.0101339,-0.0998331,0.994307,-0.237209,-0.263674,0.158172
1.6434e+09,-0.0360153,0.0175381,-0.0972492,0.994454,-0.237548,-0.215661,0.16301
1.6434e+09,-0.0357238,0.0197175,-0.0952949,0.994612,-0.235341,-0.160956,0.162186
1.6434e+09,-0.0379135,0.0230539,-0.0928808,0.994688,-0.230356,-0.101879,0.156555
1.6434e+09,-0.0342352,0.0280625,-0.0888261,0.995063,-0.23374,-0.0687695,0.140804
1.6434e+09,-0.0338165,0.0352626,-0.0837335,0.99529,-0.218007,0.0191812,0.147478
1.6434e+09,-0.0323881,0.0352604,-0.0789494,0.995728,-0.214394,0.0745187,0.145314
1.6434e+09,-0.0326579,0.0345534,-0.072104,0.996263,-0.212737,0.122131,0.142074
1.6434e+09,-0.0322724,0.0337935,-0.0681316,0.996581,-0.211048,0.154919,0.14079
1.6434e+09,-0.0300862,0.032993,-0.0676071,0.996712,-0.211195,0.177317,0.139639
1.6434e+09,-0.0291572,0.0315679,-0.0674431,0.996797,-0.211309,0.188593,0.140055
1.6434e+09,-0.0295804,0.0303799,-0.0702255,0.99663,-0.213238,0.193376,0.139634
1.6434e+09,-0.0317377,0.0353537,-0.0725718,0.996231,-0.213104,0.192659,0.136534
1.6434e+09,-0.0356357,0.0441033,-0.0719162,0.995798,-0.204535,0.187548,0.134328
1.6434e+09,-0.0339122,0.0500287,-0.0710235,0.995642,-0.185741,0.176259,0.140869
1.6434e+09,-0.0342024,0.0477639,-0.0670422,0.996019,-0.156511,0.157368,0.147742
1.6434e+09,-0.0369691,0.0451247,-0.0597675,0.996506,-0.120948,0.135348,0.150395
1.6434e+09,-0.0320729,0.0462929,-0.0538966,0.996957,-0.0829221,0.112734,0.160096
1.6434e+09,-0.0301043,0.0436531,-0.0466073,0.997505,-0.042884,0.0933045,0.165707
1.6434e+09,-0.0325318,0.0381647,-0.0376719,0.998031,-0.000417639,0.0775975,0.172088
1.6434e+09,-0.033402,0.0222016,-0.0276563,0.998813,0.0397428,0.0676537,0.170266
1.6434e+09,-0.0296912,0.0161697,-0.0155368,0.999308,0.0726564,0.0594949,0.167501
1.6434e+09,-0.0292698,0.00982277,-0.00646207,0.999502,0.0992037,0.0522717,0.161096
1.6434e+09,-0.0319916,0.00470641,-0.00286018,0.999473,0.121658,0.0478737,0.152553
1.6434e+09,-0.0273712,0.0088577,0.00349153,0.99958,0.134658,0.0442111,0.149744
1.6434e+09,-0.0208855,0.0071177,0.00860787,0.999719,0.141469,0.0428144,0.146715
1.6434e+09,-0.0182314,0.0116962,0.0124798,0.999687,0.136469,0.0446096,0.143561
1.6434e+09,-0.0116724,0.0123343,0.0175673,0.999701,0.119529,0.0466215,0.146536
1.6434e+09,-0.0049405,0.0130773,0.0208779,0.999684,0.0948761,0.0492252,0.153638
1.6434e+09,-0.00098885,0.0156393,0.0267836,0.999518,0.0560547,0.0524715,0.162539
1.6434e+09,-0.00282086,0.0215362,0.0311107,0.99928,0.0118298,0.0528772,0.167153
1.6434e+09,-0.0068378,0.0216108,0.0307912,0.999269,-0.036649,0.0538224,0.17054
1.6434e+09,-0.00582506,0.0137757,0.0329239,0.999346,-0.0876015,0.053643,0.1706
1.6434e+09,-0.00489776,0.00501726,0.0301073,0.999522,-0.132472,0.0526963,0.170734
1.6434e+09,-0.0059417,-0.00990461,0.0174613,0.999781,-0.174984,0.0544494,0.170309
1.6434e+09,-0.00253321,-0.0182484,0.00214824,0.999828,-0.211386,0.0548207,0.169553
1.6434e+09,-0.00341582,-0.0205957,-0.00958119,0.999736,-0.247187,0.0557452,0.16566
1.6434e+09,-0.00741458,-0.0191082,-0.00826783,0.999756,-0.285071,0.0571287,0.158748
1.6434e+09,-0.00571338,-0.0117445,-0.00686314,0.999891,-0.31597,0.0562464,0.151697
1.6434e+09,-0.00508656,0.000974633,-0.0128743,0.999904,-0.33486,0.0566434,0.143259
1.6434e+09,-0.00147597,0.00851711,-0.0181648,0.999798,-0.343832,0.0584318,0.141105
1.6434e+09,0.0012796,0.00987455,-0.0187882,0.999774,-0.347001,0.0602522,0.141686
1.6434e+09,-0.000626501,0.0104536,-0.0121003,0.999872,-0.342964,0.0625573,0.14173
1.6434e+09,-0.00604616,0.0162307,-0.00372367,0.999843,-0.330087,0.0653312,0.141324
1.6434e+09,-0.00732952,0.0216468,0.0013943,0.999738,-0.308706,0.0676435,0.145589
1.6434e+09,-0.00682505,0.0225129,-0.00156595,0.999722,-0.272719,0.0682294,0.147979
1.6434e+09,-0.00906978,0.0225997,-0.00323186,0.999698,-0.23189,0.0706885,0.153252
1.6434e+09,-0.0168374,0.00807724,0.00625797,0.999806,-0.189779,0.0730899,0.157868
1.6434e+09,-0.0242508,-0.0062153,0.0220775,0.999443,-0.145237,0.0731627,0.163252
1.6434e+09,-0.0262007,-0.01537,0.0384005,0.998801,-0.0967494,0.0736272,0.170409
1.6434e+09,-0.0234695,-0.0164729,0.0460505,0.998528,-0.047263,0.0760592,0.17614
1.6434e+09,-0.020218,-0.0283011,0.0493873,0.998174,-0.000898018,0.0780747,0.182121
1.6434e+09,-0.0142489,-0.0412356,0.0518105,0.997703,0.0458521,0.0729752,0.185191
1.6434e+09,-0.0149586,-0.0278516,0.0318931,0.998991,0.0935481,0.0698244,0.182636
1.6434e+09,-0.011544,-0.0151469,0.0129044,0.999735,0.128286,0.0662343,0.181096
1.6434e+09,-0.00864191,-0.0102934,0.00452354,0.999899,0.153243,0.0617469,0.180682
1.6434e+09,-0.0118784,-0.0100769,0.00625804,0.999859,0.162708,0.0593206,0.174501
1.6434e+09,-0.0126251,-0.00159118,0.0157457,0.999795,0.157949,0.0583335,0.17567
1.6434e+09,-0.0124487,0.00219804,0.0253743,0.999598,0.138157,0.0583785,0.176121
1.6434e+09,-0.0122931,0.00175168,0.0274322,0.999547,0.106493,0.0606868,0.174606
1.6434e+09,-0.0145792,0.00373526,0.0217517,0.99965,0.0642233,0.0659413,0.173234
1.6434e+09,-0.0195344,0.00787634,0.0160627,0.999649,0.0141649,0.071066,0.172233
1.6434e+09,-0.0244725,0.0110374,0.00368331,0.999633,-0.0338941,0.0757134,0.168203
1.6434e+09,-0.0242747,0.0095582,-0.00474779,0.999648,-0.0841373,0.078095,0.166816
1.6434e+09,-0.021625,0.00353377,-0.00942724,0.999715,-0.132968,0.0781763,0.165216
1.6434e+09,-0.0213802,-0.00750149,-0.0226599,0.999486,-0.171644,0.0786805,0.16482
1.6434e+09,-0.0212833,-0.0114618,-0.0427661,0.998793,-0.207387,0.0810546,0.162423
1.6434e+09,-0.0203224,-0.00484914,-0.058961,0.998042,-0.237848,0.083916,0.156184
1.6434e+09,-0.0200492,0.003315,-0.0728631,0.997135,-0.262697,0.087303,0.149202
1.6434e+09,-0.0175983,0.00919675,-0.0789017,0.996685,-0.282507,0.0901238,0.144279
1.6434e+09,-0.0132138,0.0181845,-0.0864085,0.996006,-0.291885,0.092846,0.139547
1.6434e+09,-0.0115711,0.0266692,-0.08998,0.995519,-0.294689,0.0965127,0.135436
1.6434e+09,-0.0131155,0.0300891,-0.0863117,0.995727,-0.288962,0.100098,0.134528
1.6434e+09,-0.0166892,0.0278179,-0.0763496,0.996553,-0.274838,0.103223,0.135895
1.6434e+09,-0.020787,0.0242194,-0.0670163,0.997241,-0.249444,0.105528,0.139435
1.6434e+09,-0.0281315,0.0158888,-0.0571537,0.997842,-0.21588,0.105425,0.145566
1.6434e+09,-0.0372272,0.00995125,-0.0464701,0.998176,-0.174452,0.104898,0.151795
1.6434e+09,-0.0414475,0.00881261,-0.0305514,0.998635,-0.131929,0.103093,0.160242
1.6434e+09,-0.0423649,0.00502635,-0.0149068,0.998978,-0.0856507,0.101378,0.171817
1.6434e+09,-0.0433013,-0.00334785,-0.0023559,0.999054,-0.0368092,0.100205,0.180803
1.6434e+09,-0.0425562,-0.00900263,0.00907065,0.999012,0.00936813,0.0994761,0.189467
1.6434e+09,-0.0437148,-0.0164297,0.0122299,0.998834,0.0560877,0.0985376,0.19278
1.6434e+09,-0.0510742,-0.0116297,0.00609355,0.998609,0.0822383,0.0964988,0.179307
1.6434e+09,-0.0554631,-0.00887933,0.000597754,0.998421,0.143453,0.0900035,0.186492
1.6434e+09,-0.0513915,-0.0126484,-0.00781538,0.998568,0.155012,0.0880828,0.190757
1.6434e+09,-0.0497992,-0.0147057,-0.0166171,0.998513,0.201398,0.0824954,0.188069
1.6434e+09,-0.0417316,-0.0149158,-0.0155951,0.998896,0.2096,0.0793175,0.190119
1.6434e+09,-0.0363266,-0.0106262,-0.00784908,0.999253,0.198496,0.0792197,0.186989
1.6434e+09,-0.033046,-0.00956723,-0.00220854,0.999406,0.171319,0.0802921,0.183973
1.6434e+09,-0.0329562,-0.00978913,0.00154025,0.999408,0.131162,0.0824781,0.178624
1.6434e+09,-0.0303976,-0.00392853,0.00709593,0.999505,0.0840485,0.0835862,0.173477
1.6434e+09,-0.0294246,0.00238185,0.00654586,0.999543,0.0807846,0.0871885,0.165163
1.6434e+09,-0.0308626,0.0139872,0.0074457,0.999398,-0.0123993,0.0835088,0.170362
1.6434e+09,-0.0270818,0.00878345,-0.00172054,0.999593,-0.0580217,0.0806013,0.173907
1.6434e+09,-0.0234898,0.00309282,-0.0129028,0.999636,-0.101068,0.0772238,0.174096
1.6434e+09,-0.0225996,0.00259541,-0.0201532,0.999538,-0.103141,0.0799055,0.174948
1.6434e+09,-0.0243729,0.00484086,-0.0295661,0.999254,-0.139766,0.0777217,0.160186
1.6434e+09,-0.0223154,0.00905184,-0.0376273,0.999002,-0.218927,0.0679547,0.176288
1.6434e+09,-0.0200772,0.0110566,-0.0482761,0.998571,-0.253262,0.0681915,0.175062
1.6434e+09,-0.019253,0.0167119,-0.0603976,0.997849,-0.280271,0.0668806,0.168755
1.6434e+09,-0.0198823,0.0259585,-0.0738554,0.996733,-0.301461,0.0659022,0.160421
1.6434e+09,-0.0164047,0.0336622,-0.0834279,0.99581,-0.316738,0.0644938,0.155717
1.6434e+09,-0.0128122,0.0367209,-0.0903403,0.995151,-0.325016,0.0629029,0.152217
1.6434e+09,-0.0139928,0.0386631,-0.0910931,0.994993,-0.325448,0.0626773,0.147954
1.6434e+09,-0.0125713,0.0431424,-0.0832801,0.995512,-0.318646,0.0630038,0.146226
1.6434e+09,-0.0106868,0.0432044,-0.0694716,0.996591,-0.306497,0.0619014,0.145815
1.6434e+09,-0.0109004,0.0420618,-0.0540564,0.997592,-0.283374,0.0598053,0.140573
1.6434e+09,-0.0119649,0.037626,-0.0413149,0.998366,-0.25747,0.0574486,0.138153
1.6434e+09,-0.0112845,0.0308392,-0.0318963,0.998952,-0.226086,0.0540836,0.137311
1.6434e+09,-0.0118004,0.0220947,-0.0245936,0.999384,-0.195128,0.0490495,0.137045
1.6434e+09,-0.0117613,0.00973597,-0.018368,0.999715,-0.163796,0.0438346,0.134353
1.6434e+09,-0.0107811,0.00388989,-0.0142412,0.999833,-0.134503,0.0382603,0.128656
1.6434e+09,-0.00816656,-0.000610441,-0.00976505,0.999919,-0.106614,0.0331767,0.122753
1.6434e+09,-0.00556494,-0.0035182,-0.00706932,0.999953,-0.0825041,0.0267603,0.114235
1.6434e+09,-0.00292163,-0.00525345,-0.00493457,0.99997,-0.059011,0.0204445,0.10227
1.6434e+09,-1.77784e-05,-0.00267977,-0.00425383,0.999987,-0.0401335,0.0135688,0.0904349
1.6434e+09,0.00293291,-0.00044838,-0.00263433,0.999992,-0.0252225,0.00704552,0.0791544
1.6434e+09,0.00480267,0.00325491,-0.00121219,0.999982,-0.0143001,0.00222757,0.0646688
1.6434e+09,0.00513627,0.0055439,-0.000614535,0.999971,-0.00568879,-0.000503852,0.0506003
1.6434e+09,0.00487852,0.00473065,-0.000533856,0.999977,-0.000306907,-0.00143398,0.035616
1.6434e+09,0.00656463,-0.00113333,-0.00143432,0.999977,0.00431368,-0.0012334,0.0229527
1.6434e+09,0.00746707,0.00126152,-0.000700392,0.999971,0.00521115,-0.000952692,0.00962074
1.6434e+09,0.00701966,0.010769,0.00163057,0.999916,0.00346868,-0.00162031,-0.00467037
1.6434e+09,0.00632762,0.0148675,0.000640827,0.999869,0.00269465,-0.00150227,-0.0144699
1.6434e+09,0.00510861,0.0180132,-0.00114696,0.999824,0.00278353,-0.00270493,-0.017833
1.6434e+09,0.00287543,0.00705237,-0.00338686,0.999965,0.00552416,-0.00213214,-0.0209823
1.6434e+09,0.00114374,0.0120848,-0.00487113,0.999914,0.00764892,-0.00105806,-0.0251059
1.6434e+09,0.00363899,0.0111896,-0.00648341,0.99991,0.0072081,-0.000862825,-0.0288109
1.6434e+09,0.00312044,0.00687574,-0.00668265,0.999949,0.00578283,-0.00112621,-0.0277858
1.6434e+09,0.00272284,0.00301967,-0.00542265,0.999977,0.00605612,-0.000762211,-0.0281574
1.6434e+09,0.00253671,-0.000417615,-0.00569915,0.99998,0.0050269,-0.00124789,-0.0292449
1.6434e+09,0.00218826,-0.00286276,-0.00551745,0.999978,0.00399785,-0.000863867,-0.0294474
1.6434e+09,0.00159894,-0.0035744,-0.00529738,0.999978,0.00452149,0.000747463,-0.0303508
1.6434e+09,0.00176379,-0.00390853,-0.00544123,0.999976,0.00459726,0.000973182,-0.0315064
1.6434e+09,0.00180391,-0.004077,-0.0054129,0.999975,0.00483667,0.000279255,-0.031361
1.6434e+09,0.00163328,-0.00415759,-0.00519125,0.999977,0.0047276,0.00100113,-0.0305624
1.6434e+09,0.00185125,-0.00418566,-0.00541031,0.999975,0.00460201,0.000857228,-0.0320408
1.6434e+09,0.00172989,-0.00420759,-0.00538178,0.999975,0.00414672,0.00107917,-0.0313215
1.6434e+09,0.00183821,-0.00427022,-0.00543265,0.999974,0.0048147,0.000952828,-0.0317914
1.6434e+09,0.00181441,-0.00427878,-0.00547216,0.999974,0.00477128,0.000843183,-0.0316194
1.6434e+09,0.00179348,-0.00426194,-0.00550149,0.999974,0.00477111,0.0007459,-0.0314759
1.6434e+09,0.00180492,-0.00426954,-0.00544879,0.999974,0.00478607,0.000731518,-0.0313487
1.6434e+09,0.00181294,-0.00428351,-0.00547393,0.999974,0.00476558,0.000674353,-0.0313249
1.6434e+09,0.00180394,-0.00428931,-0.00547139,0.999974,0.00479997,0.000727351,-0.0312197
1.6434e+09,0.00180863,-0.00433151,-0.00539804,0.999974,0.00421145,0.00128279,-0.0317772
1.6434e+09,0.00182162,-0.0043093,-0.00540457,0.999974,0.00419554,0.00134107,-0.0316931
1.6434e+09,0.00182384,-0.00431855,-0.0054282,0.999974,0.00422077,0.00137344,-0.0316472
1.6434e+09,0.00178006,-0.00427884,-0.0054341,0.999974,0.00424195,0.00125859,-0.031328
1.6434e+09,0.00178533,-0.00435721,-0.00540987,0.999974,0.00497588,0.00103845,-0.0319442
1.6434e+09,0.00170466,-0.0043461,-0.00541966,0.999974,0.00427366,0.00072183,-0.0311338
1.6434e+09,0.0017941,-0.00440568,-0.00543652,0.999974,0.00483846,0.00116167,-0.0317964
1.6434e+09,0.00178086,-0.00442107,-0.00542761,0.999974,0.0048154,0.0011145,-0.0317258
1.6434e+09,0.00176438,-0.00442662,-0.00544124,0.999974,0.00486866,0.00112208,-0.031666
1.6434e+09,0.00181391,-0.00445059,-0.00545691,0.999974,0.00510083,0.000847851,-0.0325934
1.6434e+09,0.0017922,-0.0044317,-0.00545968,0.999974,0.00502995,0.000817402,-0.0320842
1.6434e+09,0.00179799,-0.00459338,-0.00538322,0.999973,0.00463727,0.00141915,-0.0325028
1.6434e+09,0.00176921,-0.00442103,-0.00544836,0.999974,0.00522284,0.001141,-0.0319394
1.6434e+09,0.00175522,-0.004503,-0.00542653,0.999974,0.0051248,0.00105224,-0.0318553
1.6434e+09,0.00177388,-0.00463037,-0.0053996,0.999973,0.0050416,0.00110829,-0.0326775
1.6434e+09,0.00172686,-0.00455543,-0.00540091,0.999974,0.00502403,0.0010803,-0.031693
1.6434e+09,0.00176348,-0.00467182,-0.0054197,0.999973,0.00490908,0.00118065,-0.0326079
1.6434e+09,0.00176263,-0.00464176,-0.00544064,0.999973,0.0047027,0.00101303,-0.0322853
1.6434e+09,0.00174902,-0.00460548,-0.0054538,0.999973,0.00463823,0.000930055,-0.0321726
1.6434e+09,0.00172594,-0.00456812,-0.005433,0.999973,0.00480455,0.000994841,-0.0318666
1.6434e+09,0.00175017,-0.00459107,-0.0054371,0.999973,0.00475194,0.00093487,-0.0319966
1.6434e+09,0.0017505,-0.00459779,-0.00544306,0.999973,0.00477133,0.000885765,-0.0320803
1.6434e+09,0.00173472,-0.00455686,-0.00542432,0.999973,0.00490672,0.000950791,-0.0315923
1.6434e+09,0.00174648,-0.0045634,-0.00543227,0.999973,0.00492476,0.000898984,-0.0316042
1.6434e+09,0.00177667,-0.00464701,-0.00539071,0.999973,0.00489115,0.00126693,-0.0326039
1.6434e+09,0.00173615,-0.00454843,-0.00544927,0.999973,0.00453497,0.00113306,-0.0316062
1.6434e+09,0.00177474,-0.00458689,-0.00541808,0.999973,0.00496702,0.0013371,-0.0324718
1.6434e+09,0.00175884,-0.00456642,-0.00539181,0.999973,0.00507803,0.00123434,-0.032213
